City	Population	LGA2013	LGA2014	Difference	%Chg	LGApercapita	IncreasePercapita
Ada 	1,707	$571,600	$608,358	$36,758	6.43%	$356.39	$21.53
Adams 	787	$208,384	$242,069	$33,685	16.16%	$307.58	$42.80
Adrian 	1,209	$362,303	$402,593	$40,290	11.12%	$333.00	$33.33
Afton 	2,886	$0	$0	$0	0.00%	$0.00	$0.00
Aitkin 	2,165	$732,618	$751,452	$18,834	2.57%	$347.09	$8.70
Akeley 	432	$48,881	$64,598	$15,717	32.15%	$149.53	$36.38
Albany 	2,561	$627,315	$688,867	$61,552	9.81%	$268.98	$24.03
Albert Lea 	18,016	$4,724,618	$5,158,721	$434,103	9.19%	$286.34	$24.10
Alberta 	103	$28,357	$28,357	$0	0.00%	$275.31	$0.00
Albertville 	7,044	$0	$79,651	$79,651	0.00%	$11.31	$11.31
Alden 	661	$145,081	$176,339	$31,258	21.55%	$266.78	$47.29
Aldrich 	48	$6,423	$7,012	$589	9.17%	$146.08	$12.27
Alexandria 	11,070	$1,204,947	$1,463,786	$258,839	21.48%	$132.23	$23.38
Alpha 	116	$35,367	$35,810	$443	1.25%	$308.71	$3.82
Altura 	493	$43,918	$65,614	$21,696	49.40%	$133.09	$44.01
Alvarado 	363	$55,149	$72,854	$17,705	32.10%	$200.70	$48.77
Amboy 	534	$125,545	$140,680	$15,135	12.06%	$263.45	$28.34
Andover 	30,598	$0	$74,655	$74,655	0.00%	$2.44	$2.44
Annandale 	3,228	$260,224	$392,486	$132,262	50.83%	$121.59	$40.97
Anoka 	17,142	$901,095	$1,547,473	$646,378	71.73%	$90.27	$37.71
Apple Valley 	49,084	$0	$0	$0	0.00%	$0.00	$0.00
Appleton 	1,412	$876,061	$876,061	$0	0.00%	$620.44	$0.00
Arco 	75	$24,655	$24,655	$0	0.00%	$328.73	$0.00
Arden Hills 	9,552	$0	$0	$0	0.00%	$0.00	$0.00
Argyle 	639	$197,165	$217,107	$19,942	10.11%	$339.76	$31.21
Arlington 	2,233	$636,892	$714,407	$77,515	12.17%	$319.93	$34.71
Ashby 	446	$102,139	$114,762	$12,623	12.36%	$257.31	$28.30
Askov 	364	$64,584	$76,685	$12,101	18.74%	$210.67	$33.24
Atwater 	1,133	$237,341	$289,781	$52,440	22.09%	$255.76	$46.28
Audubon 	519	$98,560	$116,672	$18,112	18.38%	$224.80	$34.90
Aurora 	1,682	$605,415	$634,983	$29,568	4.88%	$377.52	$17.58
Austin 	24,718	$7,122,450	$7,878,853	$756,403	10.62%	$318.75	$30.60
Avoca 	147	$26,223	$26,223	$0	0.00%	$178.39	$0.00
Avon 	1,396	$209,935	$261,868	$51,933	24.74%	$187.58	$37.20
Babbitt 	1,475	$299,542	$347,809	$48,267	16.11%	$235.80	$32.72
Backus 	250	$28,410	$28,661	$251	0.88%	$114.64	$1.00
Badger 	375	$100,302	$108,960	$8,658	8.63%	$290.56	$23.09
Bagley 	1,392	$384,402	$435,637	$51,235	13.33%	$312.96	$36.81
Balaton 	643	$198,557	$218,928	$20,371	10.26%	$340.48	$31.68
Barnesville 	2,563	$655,766	$754,102	$98,336	15.00%	$294.23	$38.37
Barnum 	613	$128,897	$152,227	$23,330	18.10%	$248.33	$38.06
Barrett 	415	$57,809	$73,697	$15,888	27.48%	$177.58	$38.28
Barry 	16	$2,476	$2,476	$0	0.00%	$154.75	$0.00
Battle Lake 	875	$42,044	$74,208	$32,164	76.50%	$84.81	$36.76
Baudette 	1,106	$289,939	$297,714	$7,775	2.68%	$269.18	$7.03
Baxter 	7,610	$0	$0	$0	0.00%	$0.00	$0.00
Bayport 	3,471	$335,228	$483,262	$148,034	44.16%	$139.23	$42.65
Beardsley 	233	$74,065	$74,065	$0	0.00%	$317.88	$0.00
Beaver Bay 	181	$12,520	$12,520	$0	0.00%	$69.17	$0.00
Beaver Creek 	297	$40,424	$48,216	$7,792	19.28%	$162.34	$26.24
Becker 	4,538	$0	$0	$0	0.00%	$0.00	$0.00
Bejou 	89	$19,645	$19,921	$276	1.40%	$223.83	$3.10
Belgrade 	740	$180,345	$211,022	$30,677	17.01%	$285.16	$41.46
Belle Plaine 	6,661	$54,473	$279,862	$225,389	413.76%	$42.02	$33.84
Bellechester 	175	$17,774	$21,312	$3,538	19.91%	$121.78	$20.22
Bellingham 	168	$61,143	$61,143	$0	0.00%	$363.95	$0.00
Beltrami 	107	$25,817	$25,817	$0	0.00%	$241.28	$0.00
Belview 	384	$103,367	$114,645	$11,278	10.91%	$298.55	$29.37
Bemidji 	13,431	$2,906,194	$3,211,280	$305,086	10.50%	$239.09	$22.72
Bena 	116	$27,257	$29,545	$2,288	8.39%	$254.70	$19.72
Benson 	3,240	$776,650	$952,025	$175,375	22.58%	$293.83	$54.13
Bertha 	497	$132,871	$149,118	$16,247	12.23%	$300.04	$32.69
Bethel 	466	$35,117	$46,105	$10,988	31.29%	$98.94	$23.58
Big Falls 	236	$67,827	$70,673	$2,846	4.20%	$299.46	$12.06
Big Lake 	10,060	$156,014	$481,542	$325,528	208.65%	$47.87	$32.36
Bigelow 	235	$49,185	$55,155	$5,970	12.14%	$234.70	$25.40
Bigfork 	446	$80,363	$94,302	$13,939	17.35%	$211.44	$31.25
Bingham Lake 	126	$26,063	$26,063	$0	0.00%	$206.85	$0.00
Birchwood Village 	870	$0	$0	$0	0.00%	$0.00	$0.00
Bird Island 	1,042	$370,344	$388,606	$18,262	4.93%	$372.94	$17.53
Biscay 	113	$12,234	$16,049	$3,815	31.18%	$142.03	$33.76
Biwabik 	969	$263,385	$263,385	$0	0.00%	$271.81	$0.00
Blackduck 	785	$205,021	$238,786	$33,765	16.47%	$304.19	$43.01
Blaine 	57,186	$0	$0	$0	0.00%	$0.00	$0.00
Blomkest 	157	$16,533	$19,001	$2,468	14.93%	$121.03	$15.72
Blooming Prairie 	1,996	$647,677	$695,250	$47,573	7.35%	$348.32	$23.83
Bloomington 	82,893	$0	$403,952	$403,952	0.00%	$4.87	$4.87
Blue Earth 	3,353	$1,535,819	$1,774,258	$238,439	15.53%	$529.16	$71.11
Bluffton 	207	$32,101	$36,202	$4,101	12.78%	$174.89	$19.81
Bock 	106	$15,437	$16,169	$732	4.74%	$152.54	$6.91
Borup 	110	$17,772	$20,957	$3,185	17.92%	$190.52	$28.95
Bovey 	804	$251,002	$274,751	$23,749	9.46%	$341.73	$29.54
Bowlus 	290	$36,888	$48,049	$11,161	30.26%	$165.69	$38.49
Boy River 	47	$4,648	$6,722	$2,074	44.62%	$143.02	$44.13
Boyd 	175	$65,766	$65,766	$0	0.00%	$375.81	$0.00
Braham 	1,793	$465,196	$549,408	$84,212	18.10%	$306.42	$46.97
Brainerd 	13,590	$3,637,320	$4,019,533	$382,213	10.51%	$295.77	$28.12
Brandon 	489	$86,841	$99,766	$12,925	14.88%	$204.02	$26.43
Breckenridge 	3,386	$1,168,004	$1,444,433	$276,429	23.67%	$426.59	$81.64
Breezy Point 	2,346	$0	$0	$0	0.00%	$0.00	$0.00
Brewster 	473	$180,836	$180,836	$0	0.00%	$382.32	$0.00
Bricelyn 	365	$122,801	$127,624	$4,823	3.93%	$349.65	$13.21
Brook Park 	139	$17,784	$20,633	$2,849	16.02%	$148.44	$20.50
Brooklyn Center 	30,104	$411,378	$1,352,440	$941,062	228.76%	$44.93	$31.26
Brooklyn Park 	75,781	$0	$1,022,553	$1,022,553	0.00%	$13.49	$13.49
Brooks 	141	$28,524	$30,220	$1,696	5.95%	$214.33	$12.03
Brookston 	141	$6,665	$11,105	$4,440	66.62%	$78.76	$31.49
Brooten 	743	$138,694	$170,026	$31,332	22.59%	$228.84	$42.17
Browerville 	790	$206,697	$237,344	$30,647	14.83%	$300.44	$38.79
Browns Valley 	589	$357,430	$357,430	$0	0.00%	$606.84	$0.00
Brownsdale 	676	$168,304	$199,429	$31,125	18.49%	$295.01	$46.04
Brownsville 	466	$58,162	$65,698	$7,536	12.96%	$140.98	$16.17
Brownton 	762	$230,476	$264,771	$34,295	14.88%	$347.47	$45.01
Bruno 	102	$17,945	$18,404	$459	2.56%	$180.43	$4.50
Buckman 	270	$18,509	$28,599	$10,090	54.51%	$105.92	$37.37
Buffalo 	15,453	$145,886	$636,274	$490,388	336.14%	$41.17	$31.73
Buffalo Lake 	733	$203,623	$225,546	$21,923	10.77%	$307.70	$29.91
Buhl 	1,000	$326,569	$354,763	$28,194	8.63%	$354.76	$28.19
Burnsville 	60,306	$0	$85,830	$85,830	0.00%	$1.42	$1.42
Burtrum 	144	$27,162	$31,076	$3,914	14.41%	$215.81	$27.18
Butterfield 	586	$160,498	$187,036	$26,538	16.53%	$319.17	$45.29
Byron 	4,914	$136,035	$257,070	$121,035	88.97%	$52.31	$24.63
Caledonia 	2,868	$832,011	$940,255	$108,244	13.01%	$327.84	$37.74
Callaway 	234	$34,220	$41,903	$7,683	22.45%	$179.07	$32.83
Calumet 	367	$118,691	$120,051	$1,360	1.15%	$327.11	$3.71
Cambridge 	8,111	$426,004	$689,437	$263,433	61.84%	$85.00	$32.48
Campbell 	158	$58,644	$58,644	$0	0.00%	$371.16	$0.00
Canby 	1,795	$664,915	$702,407	$37,492	5.64%	$391.31	$20.89
Cannon Falls 	4,083	$469,740	$616,525	$146,785	31.25%	$151.00	$35.95
Canton 	346	$78,420	$86,600	$8,180	10.43%	$250.29	$23.64
Carlos 	502	$47,513	$71,455	$23,942	50.39%	$142.34	$47.69
Carlton 	862	$226,274	$251,384	$25,110	11.10%	$291.63	$29.13
Carver 	3,724	$40,299	$68,065	$27,766	68.90%	$18.28	$7.46
Cass Lake 	770	$411,951	$411,951	$0	0.00%	$535.00	$0.00
Cedar Mills 	45	$5,968	$6,378	$410	6.87%	$141.73	$9.11
Center City 	628	$26,951	$37,283	$10,332	38.34%	$59.37	$16.45
Centerville 	3,792	$0	$53,444	$53,444	0.00%	$14.09	$14.09
Ceylon 	369	$127,725	$133,908	$6,183	4.84%	$362.89	$16.76
Champlin 	23,089	$0	$237,533	$237,533	0.00%	$10.29	$10.29
Chandler 	270	$68,662	$68,662	$0	0.00%	$254.30	$0.00
Chanhassen 	22,952	$0	$0	$0	0.00%	$0.00	$0.00
Chaska 	23,770	$37,441	$462,669	$425,228	1135.73%	$19.46	$17.89
Chatfield 	2,779	$666,960	$751,023	$84,063	12.60%	$270.25	$30.25
Chickamaw Beach 	114	$0	$0	$0	0.00%	$0.00	$0.00
Chisago City 	4,967	$0	$122,931	$122,931	0.00%	$24.75	$24.75
Chisholm 	4,976	$2,711,002	$3,058,095	$347,093	12.80%	$614.57	$69.75
Chokio 	400	$119,050	$125,027	$5,977	5.02%	$312.57	$14.94
Circle Pines 	4,918	$152,142	$314,429	$162,287	106.67%	$63.93	$33.00
Clara City 	1,360	$358,536	$396,080	$37,544	10.47%	$291.24	$27.61
Claremont 	548	$153,171	$158,316	$5,145	3.36%	$288.90	$9.39
Clarissa 	681	$157,119	$192,831	$35,712	22.73%	$283.16	$52.44
Clarkfield 	863	$344,785	$356,736	$11,951	3.47%	$413.37	$13.85
Clarks Grove 	706	$165,361	$194,228	$28,867	17.46%	$275.11	$40.89
Clear Lake 	545	$23,234	$43,155	$19,921	85.74%	$79.18	$36.55
Clearbrook 	518	$146,914	$161,597	$14,683	9.99%	$311.96	$28.35
Clearwater 	1,735	$209,623	$272,865	$63,242	30.17%	$157.27	$36.45
Clements 	153	$33,903	$35,504	$1,601	4.72%	$232.05	$10.46
Cleveland 	719	$124,558	$153,989	$29,431	23.63%	$214.17	$40.93
Climax 	267	$43,962	$53,856	$9,894	22.51%	$201.71	$37.06
Clinton 	449	$137,750	$149,109	$11,359	8.25%	$332.09	$25.30
Clitherall 	112	$16,870	$20,075	$3,205	19.00%	$179.24	$28.62
Clontarf 	164	$22,120	$23,664	$1,544	6.98%	$144.29	$9.41
Cloquet 	12,124	$1,968,020	$2,299,125	$331,105	16.82%	$189.63	$27.31
Coates 	161	$0	$0	$0	0.00%	$0.00	$0.00
Cobden 	36	$3,505	$3,505	$0	0.00%	$97.36	$0.00
Cohasset 	2,698	$0	$0	$0	0.00%	$0.00	$0.00
Cokato 	2,694	$435,043	$552,496	$117,453	27.00%	$205.08	$43.60
Cold Spring 	4,025	$456,875	$590,149	$133,274	29.17%	$146.62	$33.11
Coleraine 	1,970	$351,624	$390,665	$39,041	11.10%	$198.31	$19.82
Cologne 	1,519	$149,495	$193,125	$43,630	29.18%	$127.14	$28.72
Columbia Heights 	19,496	$895,180	$1,404,176	$508,996	56.86%	$72.02	$26.11
Columbus 	3,914	$0	$0	$0	0.00%	$0.00	$0.00
Comfrey 	382	$99,593	$105,802	$6,209	6.23%	$276.97	$16.25
Comstock 	93	$16,780	$16,780	$0	0.00%	$180.43	$0.00
Conger 	146	$19,961	$24,200	$4,239	21.24%	$165.75	$29.03
Cook 	574	$156,578	$160,937	$4,359	2.78%	$280.38	$7.59
Coon Rapids 	61,476	$0	$934,541	$934,541	0.00%	$15.20	$15.20
Corcoran 	5,379	$0	$7,058	$7,058	0.00%	$1.31	$1.31
Correll 	34	$8,253	$8,280	$27	0.33%	$243.53	$0.79
Cosmos 	473	$128,232	$141,232	$13,000	10.14%	$298.59	$27.48
Cottage Grove 	34,589	$0	$59,626	$59,626	0.00%	$1.72	$1.72
Cottonwood 	1,212	$259,768	$293,140	$33,372	12.85%	$241.86	$27.53
Courtland 	611	$61,726	$75,819	$14,093	22.83%	$124.09	$23.07
Cromwell 	234	$24,038	$26,305	$2,267	9.43%	$112.41	$9.69
Crookston 	7,891	$3,056,748	$3,516,134	$459,386	15.03%	$445.59	$58.22
Crosby 	2,386	$756,240	$814,742	$58,502	7.74%	$341.47	$24.52
Crosslake 	2,141	$0	$0	$0	0.00%	$0.00	$0.00
Crystal 	22,151	$1,455,066	$1,643,830	$188,764	12.97%	$74.21	$8.52
Currie 	233	$68,556	$69,999	$1,443	2.10%	$300.42	$6.19
Cuyuna 	332	$2,164	$7,755	$5,591	258.36%	$23.36	$16.84
Cyrus 	288	$75,669	$81,155	$5,486	7.25%	$281.79	$19.05
Dakota 	323	$34,858	$41,819	$6,961	19.97%	$129.47	$21.55
Dalton 	253	$47,177	$55,157	$7,980	16.92%	$218.01	$31.54
Danube 	505	$133,480	$147,647	$14,167	10.61%	$292.37	$28.05
Danvers 	97	$9,517	$9,517	$0	0.00%	$98.11	$0.00
Darfur 	108	$38,379	$38,379	$0	0.00%	$355.36	$0.00
Darwin 	350	$37,512	$46,517	$9,005	24.01%	$132.91	$25.73
Dassel 	1,469	$301,387	$359,724	$58,337	19.36%	$244.88	$39.71
Dawson 	1,540	$540,099	$575,229	$35,130	6.50%	$373.53	$22.81
Dayton 	4,671	$0	$21,623	$21,623	0.00%	$4.63	$4.63
Deephaven 	3,642	$0	$0	$0	0.00%	$0.00	$0.00
Deer Creek 	322	$57,092	$66,318	$9,226	16.16%	$205.96	$28.65
Deer River 	930	$281,538	$308,880	$27,342	9.71%	$332.13	$29.40
Deerwood 	532	$2,495	$10,833	$8,338	334.19%	$20.36	$15.67
De Graff 	115	$24,544	$24,544	$0	0.00%	$213.43	$0.00
Delano 	5,464	$0	$177,705	$177,705	0.00%	$32.52	$32.52
Delavan 	179	$48,781	$48,781	$0	0.00%	$272.52	$0.00
Delhi 	70	$15,650	$15,650	$0	0.00%	$223.57	$0.00
Dellwood 	1,063	$0	$0	$0	0.00%	$0.00	$0.00
Denham 	35	$234	$234	$0	0.00%	$6.69	$0.00
Dennison 	212	$8,798	$10,617	$1,819	20.68%	$50.08	$8.58
Dent 	192	$41,956	$44,787	$2,831	6.75%	$233.27	$14.74
Detroit Lakes 	8,569	$690,536	$782,188	$91,652	13.27%	$91.28	$10.70
Dexter 	341	$70,342	$72,139	$1,797	2.55%	$211.55	$5.27
Dilworth 	4,024	$493,847	$603,809	$109,962	22.27%	$150.05	$27.33
Dodge Center 	2,670	$624,915	$682,359	$57,444	9.19%	$255.57	$21.51
Donaldson 	42	$4,638	$4,844	$206	4.44%	$115.33	$4.90
Donnelly 	241	$50,497	$54,194	$3,697	7.32%	$224.87	$15.34
Doran 	55	$12,030	$13,133	$1,103	9.17%	$238.78	$20.05
Dover 	735	$93,649	$129,014	$35,365	37.76%	$175.53	$48.12
Dovray 	57	$13,705	$13,705	$0	0.00%	$240.44	$0.00
Duluth 	86,265	$27,437,478	$29,030,643	$1,593,165	5.81%	$336.53	$18.47
Dumont 	100	$19,699	$19,699	$0	0.00%	$196.99	$0.00
Dundas 	1,367	$87,420	$149,684	$62,264	71.22%	$109.50	$45.55
Dundee 	68	$21,200	$21,200	$0	0.00%	$311.76	$0.00
Dunnell 	167	$61,112	$61,112	$0	0.00%	$365.94	$0.00
Eagan 	64,206	$0	$0	$0	0.00%	$0.00	$0.00
Eagle Bend 	535	$156,373	$172,138	$15,765	10.08%	$321.75	$29.47
Eagle Lake 	2,422	$510,589	$599,953	$89,364	17.50%	$247.71	$36.90
East Bethel 	11,626	$0	$23,470	$23,470	0.00%	$2.02	$2.02
East Grand Forks 	8,601	$2,471,550	$2,514,148	$42,598	1.72%	$292.31	$4.95
East Gull Lake 	1,004	$0	$0	$0	0.00%	$0.00	$0.00
Easton 	199	$31,062	$33,834	$2,772	8.92%	$170.02	$13.93
Echo 	278	$70,726	$73,911	$3,185	4.50%	$265.87	$11.46
Eden Prairie 	60,797	$0	$0	$0	0.00%	$0.00	$0.00
Eden Valley 	1,042	$228,099	$276,647	$48,548	21.28%	$265.50	$46.59
Edgerton 	1,189	$293,365	$333,398	$40,033	13.65%	$280.40	$33.67
Edina 	47,941	$0	$0	$0	0.00%	$0.00	$0.00
Effie 	123	$9,800	$13,283	$3,483	35.54%	$107.99	$28.32
Eitzen 	243	$32,958	$37,749	$4,791	14.54%	$155.35	$19.72
Elba 	152	$29,764	$29,764	$0	0.00%	$195.82	$0.00
Elbow Lake 	1,176	$349,082	$388,699	$39,617	11.35%	$330.53	$33.69
Elgin 	1,089	$281,551	$320,525	$38,974	13.84%	$294.33	$35.79
Elizabeth 	173	$29,650	$34,936	$5,286	17.83%	$201.94	$30.55
Elk River 	22,974	$0	$225,894	$225,894	0.00%	$9.83	$9.83
Elko New Market 	4,110	$164,986	$206,682	$41,696	25.27%	$50.29	$10.15
Elkton 	141	$11,799	$13,618	$1,819	15.42%	$96.58	$12.90
Ellendale 	691	$124,811	$160,351	$35,540	28.48%	$232.06	$51.43
Ellsworth 	463	$161,977	$168,787	$6,810	4.20%	$364.55	$14.71
Elmdale 	116	$5,281	$7,948	$2,667	50.50%	$68.52	$22.99
Elmore 	663	$216,939	$240,516	$23,577	10.87%	$362.77	$35.56
Elrosa 	211	$24,938	$29,763	$4,825	19.35%	$141.06	$22.87
Ely 	3,460	$1,713,366	$2,050,945	$337,579	19.70%	$592.76	$97.57
Elysian 	652	$20,524	$20,524	$0	0.00%	$31.48	$0.00
Emily 	813	$0	$0	$0	0.00%	$0.00	$0.00
Emmons 	391	$80,748	$93,587	$12,839	15.90%	$239.35	$32.84
Erhard 	148	$25,909	$28,668	$2,759	10.65%	$193.70	$18.64
Erskine 	503	$95,104	$119,205	$24,101	25.34%	$236.99	$47.91
Evan 	86	$14,726	$15,198	$472	3.21%	$176.72	$5.49
Evansville 	612	$119,255	$146,958	$27,703	23.23%	$240.13	$45.27
Eveleth 	3,718	$2,186,891	$2,525,767	$338,876	15.50%	$679.33	$91.14
Excelsior 	2,188	$0	$0	$0	0.00%	$0.00	$0.00
Eyota 	1,977	$422,699	$494,546	$71,847	17.00%	$250.15	$36.34
Fairfax 	1,235	$398,946	$439,942	$40,996	10.28%	$356.23	$33.20
Fairmont 	10,666	$3,722,165	$3,740,909	$18,744	0.50%	$350.73	$1.76
Falcon Heights 	5,321	$310,126	$503,707	$193,581	62.42%	$94.66	$36.38
Faribault 	23,352	$4,772,748	$5,290,264	$517,516	10.84%	$226.54	$22.16
Farmington 	21,086	$0	$245,329	$245,329	0.00%	$11.63	$11.63
Farwell 	51	$14,192	$14,192	$0	0.00%	$278.27	$0.00
Federal Dam 	110	$0	$0	$0	0.00%	$0.00	$0.00
Felton 	177	$25,659	$29,195	$3,536	13.78%	$164.94	$19.98
Fergus Falls 	13,138	$3,563,824	$3,622,949	$59,125	1.66%	$275.76	$4.50
Fertile 	842	$259,982	$288,565	$28,583	10.99%	$342.71	$33.95
Fifty Lakes 	387	$0	$0	$0	0.00%	$0.00	$0.00
Finlayson 	315	$34,625	$42,009	$7,384	21.33%	$133.36	$23.44
Fisher 	435	$70,862	$89,869	$19,007	26.82%	$206.60	$43.69
Flensburg 	225	$20,587	$27,322	$6,735	32.71%	$121.43	$29.93
Floodwood 	528	$133,152	$151,209	$18,057	13.56%	$286.38	$34.20
Florence 	39	$9,193	$9,602	$409	4.45%	$246.21	$10.49
Foley 	2,603	$634,131	$725,340	$91,209	14.38%	$278.66	$35.04
Forada 	185	$0	$0	$0	0.00%	$0.00	$0.00
Forest Lake 	18,375	$0	$56,004	$56,004	0.00%	$3.05	$3.05
Foreston 	533	$68,533	$92,986	$24,453	35.68%	$174.46	$45.88
Fort Ripley 	69	$0	$0	$0	0.00%	$0.00	$0.00
Fosston 	1,527	$531,772	$571,829	$40,057	7.53%	$374.48	$26.23
Fountain 	410	$61,595	$68,555	$6,960	11.30%	$167.21	$16.98
Foxhome 	116	$24,020	$26,225	$2,205	9.18%	$226.08	$19.01
Franklin 	510	$132,445	$152,058	$19,613	14.81%	$298.15	$38.46
Frazee 	1,350	$429,375	$476,535	$47,160	10.98%	$352.99	$34.93
Freeborn 	297	$58,270	$69,220	$10,950	18.79%	$233.06	$36.87
Freeport 	632	$84,947	$108,215	$23,268	27.39%	$171.23	$36.82
Fridley 	27,208	$759,414	$1,211,026	$451,612	59.47%	$44.51	$16.60
Frost 	198	$49,882	$52,585	$2,703	5.42%	$265.58	$13.65
Fulda 	1,318	$402,389	$446,009	$43,620	10.84%	$338.40	$33.10
Funkley 	5	$141	$141	$0	0.00%	$28.20	$0.00
Garfield 	354	$35,975	$45,797	$9,822	27.30%	$129.37	$27.75
Garrison 	210	$0	$0	$0	0.00%	$0.00	$0.00
Garvin 	135	$35,795	$37,522	$1,727	4.82%	$277.94	$12.79
Gary 	214	$49,407	$51,976	$2,569	5.20%	$242.88	$12.00
Gaylord 	2,305	$768,161	$838,313	$70,152	9.13%	$363.69	$30.43
Gem Lake 	393	$0	$0	$0	0.00%	$0.00	$0.00
Geneva 	555	$64,937	$93,003	$28,066	43.22%	$167.57	$50.57
Genola 	75	$547	$547	$0	0.00%	$7.29	$0.00
Georgetown 	129	$12,022	$15,936	$3,914	32.56%	$123.53	$30.34
Ghent 	370	$78,035	$91,294	$13,259	16.99%	$246.74	$35.84
Gibbon 	772	$216,241	$252,830	$36,589	16.92%	$327.50	$47.40
Gilbert 	1,799	$685,125	$706,175	$21,050	3.07%	$392.54	$11.70
Gilman 	224	$9,574	$17,177	$7,603	79.41%	$76.68	$33.94
Glencoe 	5,631	$1,063,153	$1,294,117	$230,964	21.72%	$229.82	$41.02
Glenville 	643	$181,068	$191,967	$10,899	6.02%	$298.55	$16.95
Glenwood 	2,564	$634,282	$665,853	$31,571	4.98%	$259.69	$12.31
Glyndon 	1,394	$272,438	$346,893	$74,455	27.33%	$248.85	$53.41
Golden Valley 	20,371	$0	$219,081	$219,081	0.00%	$10.75	$10.75
Gonvick 	282	$60,511	$69,371	$8,860	14.64%	$246.00	$31.42
Good Thunder 	583	$146,720	$163,763	$17,043	11.62%	$280.90	$29.23
Goodhue 	1,176	$203,727	$261,661	$57,934	28.44%	$222.50	$49.26
Goodridge 	132	$22,707	$27,950	$5,243	23.09%	$211.74	$39.72
Goodview 	4,036	$138,108	$250,841	$112,733	81.63%	$62.15	$27.93
Graceville 	577	$186,713	$202,157	$15,444	8.27%	$350.36	$26.77
Granada 	303	$91,663	$95,830	$4,167	4.55%	$316.27	$13.75
Grand Marais 	1,351	$96,422	$96,422	$0	0.00%	$71.37	$0.00
Grand Meadow 	1,139	$266,391	$316,765	$50,374	18.91%	$278.11	$44.23
Grand Rapids 	10,869	$963,410	$1,270,392	$306,982	31.86%	$116.88	$28.24
Granite Falls 	2,897	$717,911	$908,038	$190,127	26.48%	$313.44	$65.63
Grant 	4,096	$0	$0	$0	0.00%	$0.00	$0.00
Grasston 	158	$15,678	$20,552	$4,874	31.09%	$130.08	$30.85
Green Isle 	559	$53,119	$79,969	$26,850	50.55%	$143.06	$48.03
Greenbush 	719	$220,770	$249,730	$28,960	13.12%	$347.33	$40.28
Greenfield 	2,777	$0	$0	$0	0.00%	$0.00	$0.00
Greenwald 	222	$27,389	$33,044	$5,655	20.65%	$148.85	$25.47
Greenwood 	688	$0	$0	$0	0.00%	$0.00	$0.00
Grey Eagle 	348	$59,124	$68,981	$9,857	16.67%	$198.22	$28.32
Grove City 	635	$156,743	$185,273	$28,530	18.20%	$291.77	$44.93
Grygla 	221	$42,945	$48,633	$5,688	13.24%	$220.06	$25.74
Gully 	66	$17,335	$17,335	$0	0.00%	$262.65	$0.00
Hackensack 	313	$0	$0	$0	0.00%	$0.00	$0.00
Hadley 	61	$15,455	$15,455	$0	0.00%	$253.36	$0.00
Hallock 	981	$375,642	$390,593	$14,951	3.98%	$398.16	$15.24
Halma 	61	$10,985	$12,433	$1,448	13.18%	$203.82	$23.74
Halstad 	597	$164,085	$182,079	$17,994	10.97%	$304.99	$30.14
Ham Lake 	15,296	$0	$0	$0	0.00%	$0.00	$0.00
Hamburg 	513	$58,777	$72,948	$14,171	24.11%	$142.20	$27.62
Hammond 	132	$42,992	$42,992	$0	0.00%	$325.70	$0.00
Hampton 	689	$88,374	$107,525	$19,151	21.67%	$156.06	$27.80
Hancock 	765	$231,189	$263,796	$32,607	14.10%	$344.83	$42.62
Hanley Falls 	304	$72,453	$82,014	$9,561	13.20%	$269.78	$31.45
Hanover 	2,938	$63,203	$100,494	$37,291	59.00%	$34.20	$12.69
Hanska 	402	$111,632	$120,338	$8,706	7.80%	$299.35	$21.66
Harding 	125	$2,049	$6,409	$4,360	212.79%	$51.27	$34.88
Hardwick 	198	$45,323	$45,899	$576	1.27%	$231.81	$2.91
Harmony 	1,020	$320,299	$339,819	$19,520	6.09%	$333.16	$19.14
Harris 	1,132	$141,539	$171,047	$29,508	20.85%	$151.10	$26.07
Hartland 	315	$48,121	$59,163	$11,042	22.95%	$187.82	$35.05
Hastings 	22,172	$0	$510,137	$510,137	0.00%	$23.01	$23.01
Hatfield 	54	$3,830	$3,830	$0	0.00%	$70.93	$0.00
Hawley 	2,067	$538,040	$600,787	$62,747	11.66%	$290.66	$30.36
Hayfield 	1,340	$352,569	$390,128	$37,559	10.65%	$291.14	$28.03
Hayward 	250	$28,981	$34,774	$5,793	19.99%	$139.10	$23.17
Hazel Run 	63	$13,871	$13,871	$0	0.00%	$220.17	$0.00
Hector 	1,151	$294,846	$338,885	$44,039	14.94%	$294.43	$38.26
Heidelberg 	122	$0	$833	$833	0.00%	$6.83	$6.83
Henderson 	886	$265,687	$287,001	$21,314	8.02%	$323.93	$24.06
Hendricks 	713	$214,826	$241,774	$26,948	12.54%	$339.09	$37.80
Hendrum 	307	$57,667	$66,944	$9,277	16.09%	$218.06	$30.22
Henning 	802	$251,273	$278,376	$27,103	10.79%	$347.10	$33.79
Henriette 	71	$10,694	$11,960	$1,266	11.84%	$168.45	$17.83
Herman 	437	$107,927	$116,635	$8,708	8.07%	$266.90	$19.93
Hermantown 	9,414	$331,873	$355,571	$23,698	7.14%	$37.77	$2.52
Heron Lake 	698	$287,970	$295,049	$7,079	2.46%	$422.71	$10.14
Hewitt 	266	$59,776	$65,974	$6,198	10.37%	$248.02	$23.30
Hibbing 	16,361	$7,994,316	$8,082,406	$88,090	1.10%	$494.00	$5.38
Hill City 	633	$54,550	$91,000	$36,450	66.82%	$143.76	$57.58
Hillman 	38	$2,746	$4,115	$1,369	49.85%	$108.29	$36.03
Hills 	686	$140,126	$176,524	$36,398	25.98%	$257.32	$53.06
Hilltop 	744	$116,309	$138,622	$22,313	19.18%	$186.32	$29.99
Hinckley 	1,800	$267,164	$329,587	$62,423	23.37%	$183.10	$34.68
Hitterdal 	201	$38,852	$43,029	$4,177	10.75%	$214.07	$20.78
Hoffman 	681	$139,624	$176,344	$36,720	26.30%	$258.95	$53.92
Hokah 	580	$154,315	$167,109	$12,794	8.29%	$288.12	$22.06
Holdingford 	708	$165,544	$195,217	$29,673	17.92%	$275.73	$41.91
Holland 	187	$46,655	$47,705	$1,050	2.25%	$255.11	$5.61
Hollandale 	303	$38,035	$50,317	$12,282	32.29%	$166.06	$40.53
Holloway 	92	$9,065	$9,065	$0	0.00%	$98.53	$0.00
Holt 	88	$15,629	$17,890	$2,261	14.47%	$203.30	$25.69
Hopkins 	17,591	$0	$289,921	$289,921	0.00%	$16.48	$16.48
Houston 	979	$331,011	$353,618	$22,607	6.83%	$361.20	$23.09
Howard Lake 	1,962	$476,814	$543,982	$67,168	14.09%	$277.26	$34.23
Hoyt Lakes 	2,017	$360,759	$391,194	$30,435	8.44%	$193.95	$15.09
Hugo 	13,332	$0	$0	$0	0.00%	$0.00	$0.00
Humboldt 	45	$12,042	$12,302	$260	2.16%	$273.38	$5.78
Hutchinson 	14,178	$1,784,272	$2,213,199	$428,927	24.04%	$156.10	$30.25
Ihlen 	63	$16,654	$16,654	$0	0.00%	$264.35	$0.00
Independence 	3,504	$0	$0	$0	0.00%	$0.00	$0.00
International Falls 	6,424	$3,710,994	$3,975,561	$264,567	7.13%	$618.86	$41.18
Inver Grove Heights 	33,880	$0	$0	$0	0.00%	$0.00	$0.00
Iona 	137	$37,043	$37,234	$191	0.52%	$271.78	$1.39
Iron Junction 	86	$12,230	$12,315	$85	0.70%	$143.20	$0.99
Ironton 	572	$114,741	$137,846	$23,105	20.14%	$240.99	$40.39
Isanti 	5,251	$313,359	$545,485	$232,126	74.08%	$103.88	$44.21
Isle 	751	$25,272	$36,767	$11,495	45.49%	$48.96	$15.31
Ivanhoe 	559	$203,179	$213,187	$10,008	4.93%	$381.37	$17.90
Jackson 	3,299	$1,086,755	$1,291,985	$205,230	18.88%	$391.63	$62.21
Janesville 	2,256	$724,872	$775,075	$50,203	6.93%	$343.56	$22.25
Jasper 	633	$182,806	$206,478	$23,672	12.95%	$326.19	$37.40
Jeffers 	369	$112,493	$116,128	$3,635	3.23%	$314.71	$9.85
Jenkins 	430	$0	$5,387	$5,387	0.00%	$12.53	$12.53
Johnson 	29	$7,000	$7,000	$0	0.00%	$241.38	$0.00
Jordan 	5,470	$0	$237,091	$237,091	0.00%	$43.34	$43.34
Kandiyohi 	491	$97,952	$114,797	$16,845	17.20%	$233.80	$34.31
Karlstad 	760	$232,848	$260,382	$27,534	11.82%	$342.61	$36.23
Kasota 	675	$143,296	$168,056	$24,760	17.28%	$248.97	$36.68
Kasson 	5,931	$780,209	$982,348	$202,139	25.91%	$165.63	$34.08
Keewatin 	1,068	$343,738	$378,009	$34,271	9.97%	$353.94	$32.09
Kelliher 	262	$107,307	$107,307	$0	0.00%	$409.57	$0.00
Kellogg 	456	$83,859	$93,910	$10,051	11.99%	$205.94	$22.04
Kennedy 	193	$66,764	$66,764	$0	0.00%	$345.93	$0.00
Kenneth 	68	$10,330	$10,536	$206	1.99%	$154.94	$3.03
Kensington 	292	$54,270	$60,471	$6,201	11.43%	$207.09	$21.24
Kent 	81	$20,567	$21,171	$604	2.94%	$261.37	$7.46
Kenyon 	1,815	$466,643	$516,686	$50,043	10.72%	$284.68	$27.57
Kerkhoven 	759	$185,283	$217,168	$31,885	17.21%	$286.12	$42.01
Kerrick 	65	$3,489	$5,352	$1,863	53.40%	$82.34	$28.66
Kettle River 	180	$22,510	$27,092	$4,582	20.36%	$150.51	$25.46
Kiester 	501	$151,029	$165,486	$14,457	9.57%	$330.31	$28.86
Kilkenny 	134	$35,924	$35,924	$0	0.00%	$268.09	$0.00
Kimball 	762	$117,942	$146,839	$28,897	24.50%	$192.70	$37.92
Kinbrae 	12	$201	$201	$0	0.00%	$16.75	$0.00
Kingston 	161	$12,833	$17,977	$5,144	40.08%	$111.66	$31.95
Kinney 	169	$59,925	$59,925	$0	0.00%	$354.59	$0.00
La Crescent 	4,830	$422,847	$515,089	$92,242	21.81%	$106.64	$19.10
Lafayette 	504	$120,676	$129,923	$9,247	7.66%	$257.78	$18.35
Lake Benton 	683	$198,628	$223,630	$25,002	12.59%	$327.42	$36.61
Lake Bronson 	229	$71,423	$74,541	$3,118	4.37%	$325.51	$13.62
Lake City 	5,063	$610,347	$751,581	$141,234	23.14%	$148.45	$27.90
Lake Crystal 	2,549	$621,727	$706,125	$84,398	13.57%	$277.02	$33.11
Lake Elmo 	8,069	$0	$0	$0	0.00%	$0.00	$0.00
Lake Henry 	103	$6,578	$10,510	$3,932	59.78%	$102.04	$38.17
Lake Lillian 	238	$33,155	$39,931	$6,776	20.44%	$167.78	$28.47
Lake Park 	783	$231,084	$253,110	$22,026	9.53%	$323.26	$28.13
Lake Shore 	1,004	$0	$0	$0	0.00%	$0.00	$0.00
Lake St. Croix Beach 	1,051	$25,673	$66,315	$40,642	158.31%	$63.10	$38.67
Lake Wilson 	251	$76,722	$78,109	$1,387	1.81%	$311.19	$5.53
Lakefield 	1,694	$614,261	$650,488	$36,227	5.90%	$384.00	$21.39
Lakeland 	1,796	$33,574	$47,158	$13,584	40.46%	$26.26	$7.56
Lakeland Shores 	311	$0	$0	$0	0.00%	$0.00	$0.00
Lakeville 	55,954	$0	$0	$0	0.00%	$0.00	$0.00
Lamberton 	824	$287,784	$304,386	$16,602	5.77%	$369.40	$20.15
Lancaster 	340	$75,242	$86,599	$11,357	15.09%	$254.70	$33.40
Landfall 	686	$79,977	$96,185	$16,208	20.27%	$140.21	$23.63
Lanesboro 	754	$204,520	$210,284	$5,764	2.82%	$278.89	$7.64
Laporte 	111	$10,915	$10,915	$0	0.00%	$98.33	$0.00
La Prairie 	665	$66,553	$79,909	$13,356	20.07%	$120.16	$20.08
La Salle 	87	$16,635	$17,821	$1,186	7.13%	$204.84	$13.63
Lastrup 	104	$3,428	$5,849	$2,421	70.62%	$56.24	$23.28
Lauderdale 	2,379	$516,153	$535,093	$18,940	3.67%	$224.92	$7.96
Le Center 	2,499	$719,916	$785,606	$65,690	9.12%	$314.37	$26.29
Lengby 	86	$21,916	$21,916	$0	0.00%	$254.84	$0.00
Leonard 	41	$4,390	$5,661	$1,271	28.95%	$138.07	$31.00
Leonidas 	52	$34,670	$34,670	$0	0.00%	$666.73	$0.00
Le Roy 	929	$296,859	$322,499	$25,640	8.64%	$347.15	$27.60
Lester Prairie 	1,730	$425,969	$491,618	$65,649	15.41%	$284.17	$37.95
Le Sueur 	4,058	$767,922	$914,451	$146,529	19.08%	$225.35	$36.11
Lewiston 	1,620	$383,755	$436,424	$52,669	13.72%	$269.40	$32.51
Lewisville 	250	$67,068	$71,850	$4,782	7.13%	$287.40	$19.13
Lexington 	2,049	$335,280	$385,301	$50,021	14.92%	$188.04	$24.41
Lilydale 	623	$0	$0	$0	0.00%	$0.00	$0.00
Lindstrom 	4,442	$134,663	$281,204	$146,541	108.82%	$63.31	$32.99
Lino Lakes 	20,216	$0	$0	$0	0.00%	$0.00	$0.00
Lismore 	227	$65,548	$66,891	$1,343	2.05%	$294.67	$5.92
Litchfield 	6,726	$1,588,853	$1,833,620	$244,767	15.41%	$272.62	$36.39
Little Canada 	9,773	$195,843	$344,825	$148,982	76.07%	$35.28	$15.24
Little Falls 	8,343	$2,089,080	$2,438,918	$349,838	16.75%	$292.33	$41.93
Littlefork 	647	$214,814	$233,889	$19,075	8.88%	$361.50	$29.48
Long Beach 	335	$0	$0	$0	0.00%	$0.00	$0.00
Long Lake 	1,768	$26,410	$26,410	$0	0.00%	$14.94	$0.00
Long Prairie 	3,458	$735,532	$918,834	$183,302	24.92%	$265.71	$53.01
Longville 	156	$0	$0	$0	0.00%	$0.00	$0.00
Lonsdale 	3,674	$245,346	$384,662	$139,316	56.78%	$104.70	$37.92
Loretto 	650	$0	$23,053	$23,053	0.00%	$35.47	$35.47
Louisburg 	47	$7,954	$8,231	$277	3.48%	$175.13	$5.89
Lowry 	299	$49,088	$56,203	$7,115	14.49%	$187.97	$23.80
Lucan 	191	$49,989	$52,427	$2,438	4.88%	$274.49	$12.76
Luverne 	4,745	$1,194,175	$1,349,790	$155,615	13.03%	$284.47	$32.80
Lyle 	551	$163,174	$179,497	$16,323	10.00%	$325.77	$29.62
Lynd 	448	$55,313	$70,074	$14,761	26.69%	$156.42	$32.95
Mabel 	780	$223,127	$255,954	$32,827	14.71%	$328.15	$42.09
Madelia 	2,308	$860,375	$916,865	$56,490	6.57%	$397.26	$24.48
Madison 	1,551	$729,097	$742,727	$13,630	1.87%	$478.87	$8.79
Madison Lake 	1,017	$119,406	$152,988	$33,582	28.12%	$150.43	$33.02
Magnolia 	222	$43,194	$46,802	$3,608	8.35%	$210.82	$16.25
Mahnomen 	1,214	$446,371	$631,386	$185,015	41.45%	$520.09	$152.40
Mahtomedi 	7,676	$0	$0	$0	0.00%	$0.00	$0.00
Manchester 	57	$14,717	$14,717	$0	0.00%	$258.19	$0.00
Manhattan Beach 	57	$0	$0	$0	0.00%	$0.00	$0.00
Mankato 	39,309	$6,228,727	$6,818,164	$589,437	9.46%	$173.45	$14.99
Mantorville 	1,197	$209,003	$257,868	$48,865	23.38%	$215.43	$40.82
Maple Grove 	61,567	$0	$0	$0	0.00%	$0.00	$0.00
Maple Lake 	2,059	$431,190	$479,341	$48,151	11.17%	$232.80	$23.39
Maple Plain 	1,768	$240,047	$248,537	$8,490	3.54%	$140.58	$4.80
Mapleton 	1,756	$486,318	$548,860	$62,542	12.86%	$312.56	$35.62
Mapleview 	176	$50,167	$51,679	$1,512	3.01%	$293.63	$8.59
Maplewood 	38,018	$0	$530,709	$530,709	0.00%	$13.96	$13.96
Marble 	701	$221,504	$241,627	$20,123	9.08%	$344.69	$28.71
Marietta 	162	$50,577	$52,083	$1,506	2.98%	$321.50	$9.30
Marine on St. Croix 	689	$0	$0	$0	0.00%	$0.00	$0.00
Marshall 	13,680	$2,110,608	$2,451,304	$340,696	16.14%	$179.19	$24.90
Mayer 	1,749	$266,365	$290,421	$24,056	9.03%	$166.05	$13.75
Maynard 	366	$121,181	$121,270	$89	0.07%	$331.34	$0.24
Mazeppa 	842	$158,301	$193,236	$34,935	22.07%	$229.50	$41.49
McGrath 	80	$7,837	$11,189	$3,352	42.77%	$139.86	$41.90
McGregor 	391	$89,434	$90,174	$740	0.83%	$230.62	$1.89
McIntosh 	625	$199,366	$220,247	$20,881	10.47%	$352.40	$33.41
McKinley 	128	$51,142	$51,142	$0	0.00%	$399.55	$0.00
Meadowlands 	134	$21,477	$23,936	$2,459	11.45%	$178.63	$18.35
Medford 	1,239	$161,120	$201,256	$40,136	24.91%	$162.43	$32.39
Medicine Lake 	371	$0	$0	$0	0.00%	$0.00	$0.00
Medina 	4,892	$0	$0	$0	0.00%	$0.00	$0.00
Meire Grove 	179	$12,123	$19,881	$7,758	63.99%	$111.07	$43.34
Melrose 	3,598	$614,850	$766,370	$151,520	24.64%	$213.00	$42.11
Menahga 	1,306	$281,960	$345,644	$63,684	22.59%	$264.66	$48.76
Mendota 	198	$25,000	$25,000	$0	0.00%	$126.26	$0.00
Mendota Heights 	11,071	$0	$0	$0	0.00%	$0.00	$0.00
Mentor 	153	$32,824	$35,008	$2,184	6.65%	$228.81	$14.27
Middle River 	303	$78,955	$85,669	$6,714	8.50%	$282.74	$22.16
Miesville 	125	$0	$0	$0	0.00%	$0.00	$0.00
Milaca 	2,946	$602,629	$756,247	$153,618	25.49%	$256.70	$52.14
Milan 	369	$87,281	$98,866	$11,585	13.27%	$267.93	$31.40
Millerville 	106	$7,791	$9,595	$1,804	23.15%	$90.52	$17.02
Millville 	182	$18,803	$23,293	$4,490	23.88%	$127.98	$24.67
Milroy 	252	$57,009	$61,096	$4,087	7.17%	$242.44	$16.22
Miltona 	424	$34,112	$51,587	$17,475	51.23%	$121.67	$41.21
Minneapolis 	382,578	$64,142,268	$76,066,082	$11,923,814	18.59%	$198.83	$31.17
Minneiska 	111	$5,781	$5,781	$0	0.00%	$52.08	$0.00
Minneota 	1,392	$412,603	$459,018	$46,415	11.25%	$329.75	$33.34
Minnesota City 	204	$39,186	$39,596	$410	1.05%	$194.10	$2.01
Minnesota Lake 	687	$128,750	$159,450	$30,700	23.84%	$232.10	$44.69
Minnetonka 	49,734	$0	$0	$0	0.00%	$0.00	$0.00
Minnetonka Beach 	539	$0	$0	$0	0.00%	$0.00	$0.00
Minnetrista 	6,384	$0	$0	$0	0.00%	$0.00	$0.00
Mizpah 	56	$6,496	$7,984	$1,488	22.91%	$142.57	$26.57
Montevideo 	5,383	$1,674,841	$1,978,139	$303,298	18.11%	$367.48	$56.34
Montgomery 	2,956	$628,916	$729,745	$100,829	16.03%	$246.87	$34.11
Monticello 	12,759	$0	$0	$0	0.00%	$0.00	$0.00
Montrose 	2,847	$489,481	$568,485	$79,004	16.14%	$199.68	$27.75
Moorhead 	38,065	$6,790,628	$7,078,368	$287,740	4.24%	$185.95	$7.56
Moose Lake 	2,751	$588,789	$767,080	$178,291	30.28%	$278.84	$64.81
Mora 	3,571	$710,562	$862,161	$151,599	21.34%	$241.43	$42.45
Morgan 	896	$292,157	$322,375	$30,218	10.34%	$359.79	$33.73
Morris 	5,286	$2,110,244	$2,263,770	$153,526	7.28%	$428.26	$29.04
Morristown 	987	$230,442	$276,354	$45,912	19.92%	$279.99	$46.52
Morton 	411	$131,431	$137,149	$5,718	4.35%	$333.70	$13.91
Motley 	671	$131,075	$155,952	$24,877	18.98%	$232.42	$37.07
Mound 	9,052	$0	$291,731	$291,731	0.00%	$32.23	$32.23
Mounds View 	12,155	$232,078	$597,024	$364,946	157.25%	$49.12	$30.02
Mountain Iron 	2,869	$1,156,268	$1,281,590	$125,322	10.84%	$446.70	$43.68
Mountain Lake 	2,104	$807,450	$863,258	$55,808	6.91%	$410.29	$26.52
Murdock 	278	$69,561	$69,561	$0	0.00%	$250.22	$0.00
Myrtle 	48	$11,424	$11,424	$0	0.00%	$238.00	$0.00
Nashua 	68	$0	$0	$0	0.00%	$0.00	$0.00
Nashwauk 	983	$403,480	$403,480	$0	0.00%	$410.46	$0.00
Nassau 	72	$17,638	$17,638	$0	0.00%	$244.97	$0.00
Nelson 	187	$23,990	$27,215	$3,225	13.44%	$145.53	$17.25
Nerstrand 	295	$24,733	$30,488	$5,755	23.27%	$103.35	$19.51
Nevis 	390	$41,623	$53,936	$12,313	29.58%	$138.30	$31.57
New Auburn 	456	$106,481	$121,771	$15,290	14.36%	$267.04	$33.53
New Brighton 	21,456	$0	$493,136	$493,136	0.00%	$22.98	$22.98
New Germany 	372	$11,743	$15,815	$4,072	34.68%	$42.51	$10.95
New Hope 	20,339	$41,843	$532,819	$490,976	1173.38%	$26.20	$24.14
New London 	1,251	$274,860	$308,292	$33,432	12.16%	$246.44	$26.72
New Munich 	320	$69,686	$72,942	$3,256	4.67%	$227.94	$10.18
New Prague 	7,321	$515,478	$770,864	$255,386	49.54%	$105.29	$34.88
New Richland 	1,203	$325,599	$377,598	$51,999	15.97%	$313.88	$43.22
New Trier 	112	$779	$2,483	$1,704	218.74%	$22.17	$15.21
New Ulm 	13,522	$4,111,762	$4,222,711	$110,949	2.70%	$312.28	$8.21
New York Mills 	1,199	$342,150	$376,744	$34,594	10.11%	$314.22	$28.85
Newfolden 	368	$75,781	$88,944	$13,163	17.37%	$241.70	$35.77
Newport 	3,435	$588,876	$627,338	$38,462	6.53%	$182.63	$11.20
Nicollet 	1,093	$179,752	$225,089	$45,337	25.22%	$205.94	$41.48
Nielsville 	90	$21,942	$23,544	$1,602	7.30%	$261.60	$17.80
Nimrod 	69	$2,542	$4,937	$2,395	94.22%	$71.55	$34.71
Nisswa 	1,971	$0	$0	$0	0.00%	$0.00	$0.00
Norcross 	70	$16,497	$16,497	$0	0.00%	$235.67	$0.00
North Branch 	10,125	$146,132	$537,850	$391,718	268.06%	$53.12	$38.69
North Mankato 	13,394	$1,358,107	$1,559,008	$200,901	14.79%	$116.40	$15.00
North Oaks 	4,469	$0	$0	$0	0.00%	$0.00	$0.00
North St. Paul 	11,460	$1,863,726	$1,863,726	$0	0.00%	$162.63	$0.00
Northfield 	20,007	$2,243,397	$2,802,323	$558,926	24.91%	$140.07	$27.94
Northome 	200	$65,984	$65,984	$0	0.00%	$329.92	$0.00
Northrop 	227	$45,444	$51,981	$6,537	14.38%	$228.99	$28.80
Norwood Young America 	3,549	$203,574	$345,515	$141,941	69.72%	$97.36	$39.99
Nowthen 	4,443	$0	$11,565	$11,565	0.00%	$2.60	$2.60
Oak Grove 	8,031	$0	$81,555	$81,555	0.00%	$10.16	$10.16
Oak Park Heights 	4,339	$0	$0	$0	0.00%	$0.00	$0.00
Oakdale 	27,378	$0	$106,035	$106,035	0.00%	$3.87	$3.87
Odessa 	135	$37,973	$39,155	$1,182	3.11%	$290.04	$8.76
Odin 	106	$24,822	$25,566	$744	3.00%	$241.19	$7.02
Ogema 	184	$26,614	$33,585	$6,971	26.19%	$182.53	$37.89
Ogilvie 	369	$123,218	$123,218	$0	0.00%	$333.92	$0.00
Okabena 	188	$49,544	$52,256	$2,712	5.47%	$277.96	$14.43
Oklee 	435	$107,276	$122,695	$15,419	14.37%	$282.06	$35.45
Olivia 	2,484	$706,366	$772,697	$66,331	9.39%	$311.07	$26.70
Onamia 	878	$239,116	$260,943	$21,827	9.13%	$297.20	$24.86
Ormsby 	131	$24,183	$26,389	$2,206	9.12%	$201.44	$16.84
Orono 	7,437	$0	$0	$0	0.00%	$0.00	$0.00
Oronoco 	1,300	$28,182	$66,652	$38,470	136.51%	$51.27	$29.59
Orr 	267	$41,927	$47,502	$5,575	13.30%	$177.91	$20.88
Ortonville 	1,916	$703,420	$734,799	$31,379	4.46%	$383.51	$16.38
Osakis 	1,740	$380,867	$434,108	$53,241	13.98%	$249.49	$30.60
Oslo 	330	$74,947	$82,194	$7,247	9.67%	$249.07	$21.96
Osseo 	2,430	$634,438	$634,438	$0	0.00%	$261.09	$0.00
Ostrander 	254	$52,825	$55,718	$2,893	5.48%	$219.36	$11.39
Otsego 	13,571	$0	$112,711	$112,711	0.00%	$8.31	$8.31
Ottertail 	572	$0	$0	$0	0.00%	$0.00	$0.00
Owatonna 	25,599	$3,153,124	$3,935,915	$782,791	24.83%	$153.75	$30.58
Palisade 	167	$14,295	$18,675	$4,380	30.64%	$111.83	$26.23
Park Rapids 	3,709	$314,126	$459,947	$145,821	46.42%	$124.01	$39.32
Parkers Prairie 	1,011	$225,671	$255,927	$30,256	13.41%	$253.14	$29.93
Paynesville 	2,432	$679,593	$716,095	$36,502	5.37%	$294.45	$15.01
Pease 	242	$19,424	$28,857	$9,433	48.56%	$119.24	$38.98
Pelican Rapids 	2,464	$908,614	$953,191	$44,577	4.91%	$386.85	$18.09
Pemberton 	247	$25,203	$33,030	$7,827	31.06%	$133.72	$31.69
Pennock 	508	$109,031	$129,110	$20,079	18.42%	$254.15	$39.53
Pequot Lakes 	2,162	$59,996	$72,386	$12,390	20.65%	$33.48	$5.73
Perham 	2,985	$459,137	$583,104	$123,967	27.00%	$195.34	$41.53
Perley 	92	$22,100	$22,100	$0	0.00%	$240.22	$0.00
Peterson 	199	$45,675	$45,675	$0	0.00%	$229.52	$0.00
Pierz 	1,393	$362,938	$409,779	$46,841	12.91%	$294.17	$33.63
Pillager 	469	$124,543	$124,651	$108	0.09%	$265.78	$0.23
Pine City 	3,123	$426,553	$551,992	$125,439	29.41%	$176.75	$40.17
Pine Island 	3,263	$498,960	$579,117	$80,157	16.06%	$177.48	$24.57
Pine River 	944	$247,854	$274,000	$26,146	10.55%	$290.25	$27.70
Pine Springs 	408	$0	$0	$0	0.00%	$0.00	$0.00
Pipestone 	4,317	$1,535,857	$1,907,456	$371,599	24.19%	$441.85	$86.08
Plainview 	3,340	$544,648	$696,835	$152,187	27.94%	$208.63	$45.56
Plato 	320	$22,094	$31,643	$9,549	43.22%	$98.88	$29.84
Plummer 	292	$49,211	$56,167	$6,956	14.14%	$192.35	$23.82
Plymouth 	70,576	$0	$0	$0	0.00%	$0.00	$0.00
Porter 	183	$35,295	$35,295	$0	0.00%	$192.87	$0.00
Preston 	1,325	$484,980	$493,987	$9,007	1.86%	$372.82	$6.80
Princeton 	4,698	$612,831	$813,075	$200,244	32.68%	$173.07	$42.62
Prinsburg 	497	$75,659	$89,667	$14,008	18.51%	$180.42	$28.19
Prior Lake 	22,796	$0	$0	$0	0.00%	$0.00	$0.00
Proctor 	3,057	$955,226	$1,019,135	$63,909	6.69%	$333.38	$20.91
Quamba 	123	$15,487	$19,322	$3,835	24.76%	$157.09	$31.18
Racine 	442	$61,097	$72,805	$11,708	19.16%	$164.72	$26.49
Ramsey 	23,668	$0	$91,381	$91,381	0.00%	$3.86	$3.86
Randall 	650	$125,534	$162,363	$36,829	29.34%	$249.79	$56.66
Randolph 	436	$11,015	$22,803	$11,788	107.02%	$52.30	$27.04
Ranier 	145	$21,685	$45,479	$23,794	109.73%	$313.65	$164.10
Raymond 	764	$203,926	$234,243	$30,317	14.87%	$306.60	$39.68
Red Lake Falls 	1,427	$546,204	$582,709	$36,505	6.68%	$408.35	$25.58
Red Wing 	16,459	$619,586	$1,619,586	$1,000,000	161.40%	$98.40	$60.76
Redwood Falls 	5,254	$1,075,270	$1,400,196	$324,926	30.22%	$266.50	$61.84
Regal 	34	$2,115	$2,115	$0	0.00%	$62.21	$0.00
Remer 	370	$56,366	$64,811	$8,445	14.98%	$175.16	$22.82
Renville 	1,287	$408,605	$444,170	$35,565	8.70%	$345.12	$27.63
Revere 	95	$20,990	$21,441	$451	2.15%	$225.69	$4.75
Rice 	1,275	$146,674	$167,931	$21,257	14.49%	$131.71	$16.67
Richfield 	35,228	$1,218,346	$1,937,907	$719,561	59.06%	$55.01	$20.43
Richmond 	1,422	$237,322	$289,007	$51,685	21.78%	$203.24	$36.35
Richville 	96	$14,049	$15,480	$1,431	10.19%	$161.25	$14.91
Riverton 	117	$5,562	$6,428	$866	15.57%	$54.94	$7.40
Robbinsdale 	13,953	$1,170,849	$1,619,093	$448,244	38.28%	$116.04	$32.13
Rochester 	106,769	$5,101,571	$6,930,376	$1,828,805	35.85%	$64.91	$17.13
Rock Creek 	1,628	$133,506	$208,588	$75,082	56.24%	$128.13	$46.12
Rockford 	4,316	$309,689	$453,290	$143,601	46.37%	$105.03	$33.27
Rockville 	2,448	$105,568	$168,093	$62,525	59.23%	$68.67	$25.54
Rogers 	8,597	$0	$97,137	$97,137	0.00%	$11.30	$11.30
Rollingstone 	664	$135,555	$155,260	$19,705	14.54%	$233.83	$29.68
Roosevelt 	151	$18,964	$23,807	$4,843	25.54%	$157.66	$32.07
Roscoe 	102	$21,702	$21,702	$0	0.00%	$212.76	$0.00
Rose Creek 	394	$71,101	$84,232	$13,131	18.47%	$213.79	$33.33
Roseau 	2,633	$569,076	$650,330	$81,254	14.28%	$246.99	$30.86
Rosemount 	21,874	$0	$0	$0	0.00%	$0.00	$0.00
Roseville 	33,660	$0	$224,940	$224,940	0.00%	$6.68	$6.68
Rothsay 	493	$116,916	$129,551	$12,635	10.81%	$262.78	$25.63
Round Lake 	376	$119,605	$121,131	$1,526	1.28%	$322.16	$4.06
Royalton 	1,242	$209,265	$277,375	$68,110	32.55%	$223.33	$54.84
Rush City 	3,079	$620,496	$781,850	$161,354	26.00%	$253.93	$52.40
Rushford 	1,731	$559,018	$584,270	$25,252	4.52%	$337.53	$14.59
Rushford Village 	807	$43,944	$43,944	$0	0.00%	$54.45	$0.00
Rushmore 	342	$101,319	$106,296	$4,977	4.91%	$310.81	$14.55
Russell 	338	$81,277	$87,987	$6,710	8.26%	$260.32	$19.85
Ruthton 	241	$80,121	$80,121	$0	0.00%	$332.45	$0.00
Rutledge 	229	$3,257	$10,566	$7,309	224.41%	$46.14	$31.92
Sabin 	522	$73,496	$95,688	$22,192	30.19%	$183.31	$42.51
Sacred Heart 	548	$192,791	$204,939	$12,148	6.30%	$373.98	$22.17
St. Anthony  (Hennepin and Ramsey Counties)	8,226	$0	$442,967	$442,967	0.00%	$53.85	$53.85
St. Bonifacius 	2,283	$294,333	$339,936	$45,603	15.49%	$148.90	$19.98
St. Louis Park 	45,250	$0	$458,830	$458,830	0.00%	$10.14	$10.14
Sanborn 	339	$121,650	$121,650	$0	0.00%	$358.85	$0.00
Sandstone 	2,849	$869,374	$1,038,284	$168,910	19.43%	$364.44	$59.29
Sargeant 	61	$12,070	$12,070	$0	0.00%	$197.87	$0.00
Sartell 	15,876	$3,554	$110,668	$107,114	3013.90%	$6.97	$6.75
Sauk Centre 	4,317	$966,004	$1,099,851	$133,847	13.86%	$254.77	$31.00
Sauk Rapids 	12,773	$1,579,706	$1,912,498	$332,792	21.07%	$149.73	$26.05
Savage 	26,911	$0	$0	$0	0.00%	$0.00	$0.00
Scandia 	3,936	$0	$0	$0	0.00%	$0.00	$0.00
Scanlon 	991	$175,093	$203,428	$28,335	16.18%	$205.28	$28.59
Seaforth 	86	$16,402	$17,391	$989	6.03%	$202.22	$11.50
Sebeka 	711	$169,550	$209,431	$39,881	23.52%	$294.56	$56.09
Sedan 	45	$7,025	$7,025	$0	0.00%	$156.11	$0.00
Shafer 	1,045	$150,254	$209,982	$59,728	39.75%	$200.94	$57.16
Shakopee 	37,076	$0	$0	$0	0.00%	$0.00	$0.00
Shelly 	191	$65,258	$65,258	$0	0.00%	$341.66	$0.00
Sherburn 	1,137	$291,361	$346,996	$55,635	19.09%	$305.19	$48.93
Shevlin 	176	$24,244	$30,319	$6,075	25.06%	$172.27	$34.52
Shoreview 	25,043	$0	$0	$0	0.00%	$0.00	$0.00
Shorewood 	7,307	$0	$0	$0	0.00%	$0.00	$0.00
Silver Bay 	1,887	$450,020	$498,610	$48,590	10.80%	$264.23	$25.75
Silver Lake 	837	$168,619	$208,209	$39,590	23.48%	$248.76	$47.30
Skyline 	289	$4,344	$10,982	$6,638	152.81%	$38.00	$22.97
Slayton 	2,153	$762,656	$799,337	$36,681	4.81%	$371.27	$17.04
Sleepy Eye 	3,599	$1,274,191	$1,412,211	$138,020	10.83%	$392.39	$38.35
Sobieski 	195	$11,997	$18,511	$6,514	54.30%	$94.93	$33.41
Solway 	96	$4,975	$9,073	$4,098	82.37%	$94.51	$42.69
South Haven 	187	$32,626	$34,496	$1,870	5.73%	$184.47	$10.00
South St. Paul 	20,160	$1,663,720	$2,290,390	$626,670	37.67%	$113.61	$31.08
Spicer 	1,167	$45,440	$57,263	$11,823	26.02%	$49.07	$10.13
Spring Grove 	1,330	$367,822	$411,372	$43,550	11.84%	$309.30	$32.74
Spring Hill 	85	$2,131	$5,192	$3,061	143.64%	$61.08	$36.01
Spring Lake Park 	6,412	$0	$285,196	$285,196	0.00%	$44.48	$44.48
Spring Park 	1,669	$0	$0	$0	0.00%	$0.00	$0.00
Spring Valley 	2,479	$797,702	$860,781	$63,079	7.91%	$347.23	$25.45
Springfield 	2,152	$875,030	$911,484	$36,454	4.17%	$423.55	$16.94
Squaw Lake 	107	$9,160	$10,726	$1,566	17.10%	$100.24	$14.64
St. Anthony  (Stearns County)	86	$7,166	$9,655	$2,489	34.73%	$112.27	$28.94
St. Augusta 	3,317	$10,963	$55,218	$44,255	403.68%	$16.65	$13.34
St. Charles 	3,735	$757,339	$860,985	$103,646	13.69%	$230.52	$27.75
St. Clair 	868	$182,675	$231,871	$49,196	26.93%	$267.13	$56.68
St. Cloud 	65,842	$10,081,386	$11,728,327	$1,646,941	16.34%	$178.13	$25.01
St. Francis 	7,218	$80,929	$313,466	$232,537	287.33%	$43.43	$32.22
St. Hilaire 	279	$68,008	$69,996	$1,988	2.92%	$250.88	$7.13
St. James 	4,605	$1,336,057	$1,568,166	$232,109	17.37%	$340.54	$50.40
St. Joseph 	6,534	$645,151	$873,172	$228,021	35.34%	$133.64	$34.90
St. Leo 	100	$16,916	$19,623	$2,707	16.00%	$196.23	$27.07
St. Martin 	308	$42,909	$46,122	$3,213	7.49%	$149.75	$10.43
St. Marys Point 	368	$0	$0	$0	0.00%	$0.00	$0.00
St. Michael 	16,399	$0	$239,141	$239,141	0.00%	$14.58	$14.58
St. Paul 	285,068	$50,320,488	$60,424,253	$10,103,765	20.08%	$211.96	$35.44
St. Paul Park 	5,279	$143,307	$452,209	$308,902	215.55%	$85.66	$58.52
St. Peter 	11,196	$2,616,126	$2,908,508	$292,382	11.18%	$259.78	$26.11
St. Rosa 	68	$0	$0	$0	0.00%	$0.00	$0.00
St. Stephen 	851	$105,818	$146,647	$40,829	38.58%	$172.32	$47.98
St. Vincent 	64	$21,076	$21,076	$0	0.00%	$329.31	$0.00
Stacy 	1,456	$235,912	$281,740	$45,828	19.43%	$193.50	$31.48
Staples 	2,981	$957,573	$1,121,514	$163,941	17.12%	$376.22	$55.00
Starbuck 	1,302	$316,109	$350,549	$34,440	10.89%	$269.24	$26.45
Steen 	180	$33,495	$37,681	$4,186	12.50%	$209.34	$23.26
Stephen 	658	$193,225	$219,587	$26,362	13.64%	$333.72	$40.06
Stewart 	571	$131,959	$153,701	$21,742	16.48%	$269.18	$38.08
Stewartville 	5,916	$599,307	$852,619	$253,312	42.27%	$144.12	$42.82
Stillwater 	18,225	$174,580	$568,591	$394,011	225.69%	$31.20	$21.62
Stockton 	697	$154,893	$175,913	$21,020	13.57%	$252.39	$30.16
Storden 	219	$68,812	$68,812	$0	0.00%	$314.21	$0.00
Strandquist 	69	$17,869	$18,785	$916	5.13%	$272.25	$13.28
Strathcona 	44	$3,915	$5,897	$1,982	50.63%	$134.02	$45.05
Sturgeon Lake 	439	$28,838	$47,794	$18,956	65.73%	$108.87	$43.18
Sunburg 	100	$25,134	$25,365	$231	0.92%	$253.65	$2.31
Sunfish Lake 	521	$0	$0	$0	0.00%	$0.00	$0.00
Swanville 	350	$85,817	$90,258	$4,441	5.17%	$257.88	$12.69
Taconite 	360	$92,714	$92,714	$0	0.00%	$257.54	$0.00
Tamarack 	94	$15,076	$16,030	$954	6.33%	$170.53	$10.15
Taopi 	58	$9,097	$9,682	$585	6.43%	$166.93	$10.09
Taunton 	139	$43,070	$43,070	$0	0.00%	$309.86	$0.00
Taylors Falls 	976	$156,385	$170,971	$14,586	9.33%	$175.18	$14.94
Tenstrike 	201	$2,960	$6,041	$3,081	104.09%	$30.05	$15.33
Thief River Falls 	8,573	$2,418,906	$2,892,050	$473,144	19.56%	$337.34	$55.19
Thomson 	159	$9,022	$9,022	$0	0.00%	$56.74	$0.00
Tintah 	63	$11,846	$12,469	$623	5.26%	$197.92	$9.89
Tonka Bay 	1,475	$0	$0	$0	0.00%	$0.00	$0.00
Tower 	500	$80,156	$87,686	$7,530	9.39%	$175.37	$15.06
Tracy 	2,163	$859,170	$908,239	$49,069	5.71%	$419.90	$22.69
Trail 	46	$2,350	$2,350	$0	0.00%	$51.09	$0.00
Trimont 	747	$218,148	$247,830	$29,682	13.61%	$331.77	$39.73
Trommald 	98	$6,968	$6,968	$0	0.00%	$71.10	$0.00
Trosky 	86	$18,940	$18,940	$0	0.00%	$220.23	$0.00
Truman 	1,115	$392,748	$415,714	$22,966	5.85%	$372.84	$20.60
Turtle River 	77	$0	$0	$0	0.00%	$0.00	$0.00
Twin Lakes 	151	$26,141	$29,319	$3,178	12.16%	$194.17	$21.05
Twin Valley 	821	$269,231	$299,307	$30,076	11.17%	$364.56	$36.63
Two Harbors 	3,745	$1,107,828	$1,462,279	$354,451	32.00%	$390.46	$94.65
Tyler 	1,143	$387,654	$421,570	$33,916	8.75%	$368.83	$29.67
Ulen 	547	$138,006	$144,691	$6,685	4.84%	$264.52	$12.22
Underwood 	341	$70,902	$75,203	$4,301	6.07%	$220.54	$12.61
Upsala 	427	$64,069	$77,515	$13,446	20.99%	$181.53	$31.49
Urbank 	54	$6,744	$7,298	$554	8.21%	$135.15	$10.26
Utica 	291	$30,803	$37,986	$7,183	23.32%	$130.54	$24.68
Vadnais Heights 	12,302	$0	$24,636	$24,636	0.00%	$2.00	$2.00
Vergas 	331	$30,206	$33,072	$2,866	9.49%	$99.92	$8.66
Vermillion 	419	$5,649	$15,186	$9,537	168.83%	$36.24	$22.76
Verndale 	602	$130,357	$161,104	$30,747	23.59%	$267.61	$51.07
Vernon Center 	332	$66,020	$67,233	$1,213	1.84%	$202.51	$3.65
Vesta 	319	$82,326	$89,281	$6,955	8.45%	$279.88	$21.80
Victoria 	7,345	$0	$0	$0	0.00%	$0.00	$0.00
Viking 	104	$18,592	$21,717	$3,125	16.81%	$208.82	$30.05
Villard 	254	$36,658	$41,425	$4,767	13.00%	$163.09	$18.77
Vining 	78	$9,042	$9,988	$946	10.46%	$128.05	$12.13
Virginia 	8,712	$4,062,905	$4,936,348	$873,443	21.50%	$566.61	$100.26
Wabasha 	2,521	$584,751	$594,419	$9,668	1.65%	$235.79	$3.83
Wabasso 	696	$183,887	$210,319	$26,432	14.37%	$302.18	$37.98
Waconia 	10,697	$0	$76,521	$76,521	0.00%	$7.15	$7.15
Wadena 	4,088	$1,191,075	$1,506,184	$315,109	26.46%	$368.44	$77.08
Wahkon 	206	$0	$0	$0	0.00%	$0.00	$0.00
Waite Park 	6,715	$0	$0	$0	0.00%	$0.00	$0.00
Waldorf 	229	$41,621	$46,872	$5,251	12.62%	$204.68	$22.93
Walker 	941	$79,001	$79,001	$0	0.00%	$83.95	$0.00
Walnut Grove 	871	$225,413	$264,717	$39,304	17.44%	$303.92	$45.13
Walters 	73	$18,983	$20,063	$1,080	5.69%	$274.84	$14.79
Waltham 	151	$33,076	$33,295	$219	0.66%	$220.50	$1.45
Wanamingo 	1,086	$182,565	$227,213	$44,648	24.46%	$209.22	$41.11
Wanda 	84	$22,194	$22,781	$587	2.64%	$271.20	$6.99
Warba 	181	$12,403	$13,524	$1,121	9.04%	$74.72	$6.19
Warren 	1,563	$561,156	$603,253	$42,097	7.50%	$385.96	$26.93
Warroad 	1,781	$732,836	$882,836	$150,000	20.47%	$495.70	$84.22
Waseca 	9,410	$2,273,651	$2,631,156	$357,505	15.72%	$279.61	$37.99
Watertown 	4,205	$173,368	$299,619	$126,251	72.82%	$71.25	$30.02
Waterville 	1,868	$438,284	$472,254	$33,970	7.75%	$252.81	$18.19
Watkins 	962	$251,433	$285,957	$34,524	13.73%	$297.25	$35.89
Watson 	205	$59,458	$62,711	$3,253	5.47%	$305.91	$15.87
Waubun 	400	$93,242	$107,487	$14,245	15.28%	$268.72	$35.61
Waverly 	1,357	$82,979	$143,688	$60,709	73.16%	$105.89	$44.74
Wayzata 	3,688	$0	$0	$0	0.00%	$0.00	$0.00
Welcome 	686	$216,934	$217,709	$775	0.36%	$317.36	$1.13
Wells 	2,343	$893,883	$927,217	$33,334	3.73%	$395.74	$14.23
Wendell 	167	$34,022	$35,761	$1,739	5.11%	$214.14	$10.41
West Concord 	782	$261,011	$283,648	$22,637	8.67%	$362.72	$28.95
West St. Paul 	19,540	$773,763	$1,153,343	$379,580	49.06%	$59.02	$19.43
West Union 	111	$6,713	$11,834	$5,121	76.28%	$106.61	$46.14
Westbrook 	739	$230,048	$259,732	$29,684	12.90%	$351.46	$40.17
Westport 	57	$5,951	$7,368	$1,417	23.81%	$129.26	$24.86
Whalan 	63	$8,001	$8,001	$0	0.00%	$127.00	$0.00
Wheaton 	1,424	$562,909	$581,819	$18,910	3.36%	$408.58	$13.28
White Bear Lake 	23,797	$1,532,448	$1,532,448	$0	0.00%	$64.40	$0.00
Wilder 	60	$16,106	$16,106	$0	0.00%	$268.43	$0.00
Willernie 	507	$75,922	$78,239	$2,317	3.05%	$154.32	$4.57
Williams 	191	$41,672	$43,738	$2,066	4.96%	$228.99	$10.82
Willmar 	19,610	$4,052,790	$4,439,722	$386,932	9.55%	$226.40	$19.73
Willow River 	415	$45,572	$58,703	$13,131	28.81%	$141.45	$31.64
Wilmont 	339	$86,327	$92,678	$6,351	7.36%	$273.39	$18.73
Wilton 	204	$7,670	$14,127	$6,457	84.19%	$69.25	$31.65
Windom 	4,646	$1,202,917	$1,418,008	$215,091	17.88%	$305.21	$46.30
Winger 	220	$33,075	$40,385	$7,310	22.10%	$183.57	$33.23
Winnebago 	1,437	$503,310	$524,077	$20,767	4.13%	$364.70	$14.45
Winona 	27,592	$9,162,003	$9,699,982	$537,979	5.87%	$351.55	$19.50
Winsted 	2,355	$547,848	$628,521	$80,673	14.73%	$266.89	$34.26
Winthrop 	1,399	$393,587	$413,498	$19,911	5.06%	$295.57	$14.23
Winton 	172	$24,869	$27,875	$3,006	12.09%	$162.06	$17.48
Wolf Lake 	57	$8,042	$9,654	$1,612	20.04%	$169.37	$28.28
Wolverton 	142	$24,318	$27,029	$2,711	11.15%	$190.35	$19.09
Wood Lake 	439	$108,208	$119,766	$11,558	10.68%	$272.82	$26.33
Woodbury 	61,961	$0	$0	$0	0.00%	$0.00	$0.00
Woodland 	437	$0	$0	$0	0.00%	$0.00	$0.00
Woodstock 	124	$32,442	$32,906	$464	1.43%	$265.37	$3.74
Worthington 	12,764	$2,705,107	$3,109,584	$404,477	14.95%	$243.62	$31.69
Wrenshall 	399	$42,399	$49,695	$7,296	17.21%	$124.55	$18.29
Wright 	127	$7,938	$11,153	$3,215	40.50%	$87.82	$25.31
Wykoff 	444	$118,215	$126,862	$8,647	7.31%	$285.73	$19.48
Wyoming 	7,791	$0	$170,792	$170,792	0.00%	$21.92	$21.92
Zemple 	93	$742	$3,552	$2,810	378.71%	$38.19	$30.22
Zimmerman 	5,228	$235,842	$445,581	$209,739	88.93%	$85.23	$40.12
Zumbro Falls 	207	$34,610	$35,688	$1,078	3.11%	$172.41	$5.21
Zumbrota 	3,252	$426,975	$552,674	$125,699	29.44%	$169.95	$38.65
