City;$2,013;$2,014;Difference;%Chg;GEO.display-label;Pophuman;Population;GEO.id;GEO.id2;2014pclga;2014pcincrease
ADA;$571,600;$608,358;$36,758;6.43%;Ada ;1,707;1707;1600000US2700172;2700172;$356.39;$21.53
ADAMS;$208,384;$242,069;$33,685;16.16%;Adams ;787;787;1600000US2700190;2700190;$307.58;$42.80
ADRIAN;$362,303;$402,593;$40,290;11.12%;Adrian ;1,209;1209;1600000US2700262;2700262;$333.00;$33.33
AFTON;$0;$0;$0;0.00%;Afton ;2,886;2886;1600000US2700316;2700316;$0.00;$0.00
AITKIN;$732,618;$751,452;$18,834;2.57%;Aitkin ;2,165;2165;1600000US2700460;2700460;$347.09;$8.70
AKELEY;$48,881;$64,598;$15,717;32.15%;Akeley ;432;432;1600000US2700496;2700496;$149.53;$36.38
ALBANY;$627,315;$688,867;$61,552;9.81%;Albany ;2,561;2561;1600000US2700622;2700622;$268.98;$24.03
ALBERT LEA;$4,724,618;$5,158,721;$434,103;9.19%;Albert Lea ;18,016;18016;1600000US2700694;2700694;$286.34;$24.10
ALBERTA;$28,357;$28,357;$0;0.00%;Alberta ;103;103;1600000US2700676;2700676;$275.31;$0.00
ALBERTVILLE;$0;$79,651;$79,651;0.00%;Albertville ;7,044;7044;1600000US2700730;2700730;$11.31;$11.31
ALDEN;$145,081;$176,339;$31,258;21.55%;Alden ;661;661;1600000US2700838;2700838;$266.78;$47.29
ALDRICH;$6,423;$7,012;$589;9.17%;Aldrich ;48;48;1600000US2700892;2700892;$146.08;$12.27
ALEXANDRIA;$1,204,947;$1,463,786;$258,839;21.48%;Alexandria ;11,070;11070;1600000US2700928;2700928;$132.23;$23.38
ALPHA;$35,367;$35,810;$443;1.25%;Alpha ;116;116;1600000US2701162;2701162;$308.71;$3.82
ALTURA;$43,918;$65,614;$21,696;49.40%;Altura ;493;493;1600000US2701234;2701234;$133.09;$44.01
ALVARADO;$55,149;$72,854;$17,705;32.10%;Alvarado ;363;363;1600000US2701252;2701252;$200.70;$48.77
AMBOY;$125,545;$140,680;$15,135;12.06%;Amboy ;534;534;1600000US2701324;2701324;$263.45;$28.34
ANDOVER;$0;$74,655;$74,655;0.00%;Andover ;30,598;30598;1600000US2701486;2701486;$2.44;$2.44
ANNANDALE;$260,224;$392,486;$132,262;50.83%;Annandale ;3,228;3228;1600000US2701684;2701684;$121.59;$40.97
ANOKA;$901,095;$1,547,473;$646,378;71.73%;Anoka ;17,142;17142;1600000US2701720;2701720;$90.27;$37.71
APPLE VALLEY;$0;$0;$0;0.00%;Apple Valley ;49,084;49084;1600000US2701900;2701900;$0.00;$0.00
APPLETON;$876,061;$876,061;$0;0.00%;Appleton ;1,412;1412;1600000US2701864;2701864;$620.44;$0.00
ARCO;$24,655;$24,655;$0;0.00%;Arco ;75;75;1600000US2701972;2701972;$328.73;$0.00
ARDEN HILLS;$0;$0;$0;0.00%;Arden Hills ;9,552;9552;1600000US2702026;2702026;$0.00;$0.00
ARGYLE;$197,165;$217,107;$19,942;10.11%;Argyle ;639;639;1600000US2702134;2702134;$339.76;$31.21
ARLINGTON;$636,892;$714,407;$77,515;12.17%;Arlington ;2,233;2233;1600000US2702152;2702152;$319.93;$34.71
ASHBY;$102,139;$114,762;$12,623;12.36%;Ashby ;446;446;1600000US2702422;2702422;$257.31;$28.30
ASKOV;$64,584;$76,685;$12,101;18.74%;Askov ;364;364;1600000US2702548;2702548;$210.67;$33.24
ATWATER;$237,341;$289,781;$52,440;22.09%;Atwater ;1,133;1133;1600000US2702692;2702692;$255.76;$46.28
AUDUBON;$98,560;$116,672;$18,112;18.38%;Audubon ;519;519;1600000US2702728;2702728;$224.80;$34.90
AURORA;$605,415;$634,983;$29,568;4.88%;Aurora ;1,682;1682;1600000US2702872;2702872;$377.52;$17.58
AUSTIN;$7,122,450;$7,878,853;$756,403;10.62%;Austin ;24,718;24718;1600000US2702908;2702908;$318.75;$30.60
AVOCA;$26,223;$26,223;$0;0.00%;Avoca ;147;147;1600000US2703052;2703052;$178.39;$0.00
AVON;$209,935;$261,868;$51,933;24.74%;Avon ;1,396;1396;1600000US2703070;2703070;$187.58;$37.20
BABBITT;$299,542;$347,809;$48,267;16.11%;Babbitt ;1,475;1475;1600000US2703106;2703106;$235.80;$32.72
BACKUS;$28,410;$28,661;$251;0.88%;Backus ;250;250;1600000US2703124;2703124;$114.64;$1.00
BADGER;$100,302;$108,960;$8,658;8.63%;Badger ;375;375;1600000US2703160;2703160;$290.56;$23.09
BAGLEY;$384,402;$435,637;$51,235;13.33%;Bagley ;1,392;1392;1600000US2703196;2703196;$312.96;$36.81
BALATON;$198,557;$218,928;$20,371;10.26%;Balaton ;643;643;1600000US2703250;2703250;$340.48;$31.68
BARNESVILLE;$655,766;$754,102;$98,336;15.00%;Barnesville ;2,563;2563;1600000US2703574;2703574;$294.23;$38.37
BARNUM;$128,897;$152,227;$23,330;18.10%;Barnum ;613;613;1600000US2703628;2703628;$248.33;$38.06
BARRETT;$57,809;$73,697;$15,888;27.48%;Barrett ;415;415;1600000US2703682;2703682;$177.58;$38.28
BARRY;$2,476;$2,476;$0;0.00%;Barry ;16;16;1600000US2703718;2703718;$154.75;$0.00
BATTLE LAKE;$42,044;$74,208;$32,164;76.50%;Battle Lake ;875;875;1600000US2703970;2703970;$84.81;$36.76
BAUDETTE;$289,939;$297,714;$7,775;2.68%;Baudette ;1,106;1106;1600000US2704024;2704024;$269.18;$7.03
BAXTER;$0;$0;$0;0.00%;Baxter ;7,610;7610;1600000US2704042;2704042;$0.00;$0.00
BAYPORT;$335,228;$483,262;$148,034;44.16%;Bayport ;3,471;3471;1600000US2704114;2704114;$139.23;$42.65
BEARDSLEY;$74,065;$74,065;$0;0.00%;Beardsley ;233;233;1600000US2704204;2704204;$317.88;$0.00
BEAVER BAY;$12,520;$12,520;$0;0.00%;Beaver Bay ;181;181;1600000US2704456;2704456;$69.17;$0.00
BEAVER CREEK;$40,424;$48,216;$7,792;19.28%;Beaver Creek ;297;297;1600000US2704492;2704492;$162.34;$26.24
BECKER;$0;$0;$0;0.00%;Becker ;4,538;4538;1600000US2704618;2704618;$0.00;$0.00
BEJOU;$19,645;$19,921;$276;1.40%;Bejou ;89;89;1600000US2704672;2704672;$223.83;$3.10
BELGRADE;$180,345;$211,022;$30,677;17.01%;Belgrade ;740;740;1600000US2704762;2704762;$285.16;$41.46
BELLE PLAINE;$54,473;$279,862;$225,389;413.76%;Belle Plaine ;6,661;6661;1600000US2704834;2704834;$42.02;$33.84
BELLECHESTER;$17,774;$21,312;$3,538;19.91%;Bellechester ;175;175;1600000US2704798;2704798;$121.78;$20.22
BELLINGHAM;$61,143;$61,143;$0;0.00%;Bellingham ;168;168;1600000US2704960;2704960;$363.95;$0.00
BELTRAMI;$25,817;$25,817;$0;0.00%;Beltrami ;107;107;1600000US2705014;2705014;$241.28;$0.00
BELVIEW;$103,367;$114,645;$11,278;10.91%;Belview ;384;384;1600000US2705050;2705050;$298.55;$29.37
BEMIDJI;$2,906,194;$3,211,280;$305,086;10.50%;Bemidji ;13,431;13431;1600000US2705068;2705068;$239.09;$22.72
BENA;$27,257;$29,545;$2,288;8.39%;Bena ;116;116;1600000US2705104;2705104;$254.70;$19.72
BENSON;$776,650;$952,025;$175,375;22.58%;Benson ;3,240;3240;1600000US2705212;2705212;$293.83;$54.13
BERTHA;$132,871;$149,118;$16,247;12.23%;Bertha ;497;497;1600000US2705482;2705482;$300.04;$32.69
BETHEL;$35,117;$46,105;$10,988;31.29%;Bethel ;466;466;1600000US2705554;2705554;$98.94;$23.58
BIG FALLS;$67,827;$70,673;$2,846;4.20%;Big Falls ;236;236;1600000US2705680;2705680;$299.46;$12.06
BIG LAKE;$156,014;$481,542;$325,528;208.65%;Big Lake ;10,060;10060;1600000US2705752;2705752;$47.87;$32.36
BIGELOW;$49,185;$55,155;$5,970;12.14%;Bigelow ;235;235;1600000US2705644;2705644;$234.70;$25.40
BIGFORK;$80,363;$94,302;$13,939;17.35%;Bigfork ;446;446;1600000US2705698;2705698;$211.44;$31.25
BINGHAM LAKE;$26,063;$26,063;$0;0.00%;Bingham Lake ;126;126;1600000US2705896;2705896;$206.85;$0.00
BIRCHWOOD;$0;$0;$0;0.00%;Birchwood Village ;870;870;1600000US2706058;2706058;$0.00;$0.00
BIRD ISLAND;$370,344;$388,606;$18,262;4.93%;Bird Island ;1,042;1042;1600000US2706076;2706076;$372.94;$17.53
BISCAY;$12,234;$16,049;$3,815;31.18%;Biscay ;113;113;1600000US2706112;2706112;$142.03;$33.76
BIWABIK;$263,385;$263,385;$0;0.00%;Biwabik ;969;969;1600000US2706148;2706148;$271.81;$0.00
BLACKDUCK;$205,021;$238,786;$33,765;16.47%;Blackduck ;785;785;1600000US2706256;2706256;$304.19;$43.01
BLAINE;$0;$0;$0;0.00%;Blaine ;57,186;57186;1600000US2706382;2706382;$0.00;$0.00
BLOMKEST;$16,533;$19,001;$2,468;14.93%;Blomkest ;157;157;1600000US2706490;2706490;$121.03;$15.72
BLOOMING PRAIRIE;$647,677;$695,250;$47,573;7.35%;Blooming Prairie ;1,996;1996;1600000US2706580;2706580;$348.32;$23.83
BLOOMINGTON;$0;$403,952;$403,952;0.00%;Bloomington ;82,893;82893;1600000US2706616;2706616;$4.87;$4.87
BLUE EARTH;$1,535,819;$1,774,258;$238,439;15.53%;Blue Earth ;3,353;3353;1600000US2706688;2706688;$529.16;$71.11
BLUFFTON;$32,101;$36,202;$4,101;12.78%;Bluffton ;207;207;1600000US2706778;2706778;$174.89;$19.81
BOCK;$15,437;$16,169;$732;4.74%;Bock ;106;106;1600000US2706814;2706814;$152.54;$6.91
BORUP;$17,772;$20,957;$3,185;17.92%;Borup ;110;110;1600000US2707030;2707030;$190.52;$28.95
BOVEY;$251,002;$274,751;$23,749;9.46%;Bovey ;804;804;1600000US2707048;2707048;$341.73;$29.54
BOWLUS;$36,888;$48,049;$11,161;30.26%;Bowlus ;290;290;1600000US2707066;2707066;$165.69;$38.49
BOY RIVER;$4,648;$6,722;$2,074;44.62%;Boy River ;47;47;1600000US2707174;2707174;$143.02;$44.13
BOYD;$65,766;$65,766;$0;0.00%;Boyd ;175;175;1600000US2707138;2707138;$375.81;$0.00
BRAHAM;$465,196;$549,408;$84,212;18.10%;Braham ;1,793;1793;1600000US2707282;2707282;$306.42;$46.97
BRAINERD;$3,637,320;$4,019,533;$382,213;10.51%;Brainerd ;13,590;13590;1600000US2707300;2707300;$295.77;$28.12
BRANDON;$86,841;$99,766;$12,925;14.88%;Brandon ;489;489;1600000US2707336;2707336;$204.02;$26.43
BRECKENRIDGE;$1,168,004;$1,444,433;$276,429;23.67%;Breckenridge ;3,386;3386;1600000US2707462;2707462;$426.59;$81.64
BREEZY POINT;$0;$0;$0;0.00%;Breezy Point ;2,346;2346;1600000US2707516;2707516;$0.00;$0.00
BREWSTER;$180,836;$180,836;$0;0.00%;Brewster ;473;473;1600000US2707660;2707660;$382.32;$0.00
BRICELYN;$122,801;$127,624;$4,823;3.93%;Bricelyn ;365;365;1600000US2707678;2707678;$349.65;$13.21
BROOK PARK;$17,784;$20,633;$2,849;16.02%;Brook Park ;139;139;1600000US2707984;2707984;$148.44;$20.50
BROOKLYN CENTER;$411,378;$1,352,440;$941,062;228.76%;Brooklyn Center ;30,104;30104;1600000US2707948;2707948;$44.93;$31.26
BROOKLYN PARK;$0;$1,022,553;$1,022,553;0.00%;Brooklyn Park ;75,781;75781;1600000US2707966;2707966;$13.49;$13.49
BROOKS;$28,524;$30,220;$1,696;5.95%;Brooks ;141;141;1600000US2708038;2708038;$214.33;$12.03
BROOKSTON;$6,665;$11,105;$4,440;66.62%;Brookston ;141;141;1600000US2708056;2708056;$78.76;$31.49
BROOTEN;$138,694;$170,026;$31,332;22.59%;Brooten ;743;743;1600000US2708092;2708092;$228.84;$42.17
BROWERVILLE;$206,697;$237,344;$30,647;14.83%;Browerville ;790;790;1600000US2708110;2708110;$300.44;$38.79
BROWNS VALLEY;$357,430;$357,430;$0;0.00%;Browns Valley ;589;589;1600000US2708200;2708200;$606.84;$0.00
BROWNSDALE;$168,304;$199,429;$31,125;18.49%;Brownsdale ;676;676;1600000US2708164;2708164;$295.01;$46.04
BROWNSVILLE;$58,162;$65,698;$7,536;12.96%;Brownsville ;466;466;1600000US2708218;2708218;$140.98;$16.17
BROWNTON;$230,476;$264,771;$34,295;14.88%;Brownton ;762;762;1600000US2708254;2708254;$347.47;$45.01
BRUNO;$17,945;$18,404;$459;2.56%;Bruno ;102;102;1600000US2708290;2708290;$180.43;$4.50
BUCKMAN;$18,509;$28,599;$10,090;54.51%;Buckman ;270;270;1600000US2708416;2708416;$105.92;$37.37
BUFFALO;$145,886;$636,274;$490,388;336.14%;Buffalo ;15,453;15453;1600000US2708452;2708452;$41.17;$31.73
BUFFALO LAKE;$203,623;$225,546;$21,923;10.77%;Buffalo Lake ;733;733;1600000US2708488;2708488;$307.70;$29.91
BUHL;$326,569;$354,763;$28,194;8.63%;Buhl ;1,000;1000;1600000US2708524;2708524;$354.76;$28.19
BURNSVILLE;$0;$85,830;$85,830;0.00%;Burnsville ;60,306;60306;1600000US2708794;2708794;$1.42;$1.42
BURTRUM;$27,162;$31,076;$3,914;14.41%;Burtrum ;144;144;1600000US2708902;2708902;$215.81;$27.18
BUTTERFIELD;$160,498;$187,036;$26,538;16.53%;Butterfield ;586;586;1600000US2708992;2708992;$319.17;$45.29
BYRON;$136,035;$257,070;$121,035;88.97%;Byron ;4,914;4914;1600000US2709154;2709154;$52.31;$24.63
CALEDONIA;$832,011;$940,255;$108,244;13.01%;Caledonia ;2,868;2868;1600000US2709226;2709226;$327.84;$37.74
CALLAWAY;$34,220;$41,903;$7,683;22.45%;Callaway ;234;234;1600000US2709280;2709280;$179.07;$32.83
CALUMET;$118,691;$120,051;$1,360;1.15%;Calumet ;367;367;1600000US2709316;2709316;$327.11;$3.71
CAMBRIDGE;$426,004;$689,437;$263,433;61.84%;Cambridge ;8,111;8111;1600000US2709370;2709370;$85.00;$32.48
CAMPBELL;$58,644;$58,644;$0;0.00%;Campbell ;158;158;1600000US2709496;2709496;$371.16;$0.00
CANBY;$664,915;$702,407;$37,492;5.64%;Canby ;1,795;1795;1600000US2709604;2709604;$391.31;$20.89
CANNON FALLS;$469,740;$616,525;$146,785;31.25%;Cannon Falls ;4,083;4083;1600000US2709730;2709730;$151.00;$35.95
CANTON;$78,420;$86,600;$8,180;10.43%;Canton ;346;346;1600000US2709802;2709802;$250.29;$23.64
CARLOS;$47,513;$71,455;$23,942;50.39%;Carlos ;502;502;1600000US2709964;2709964;$142.34;$47.69
CARLTON;$226,274;$251,384;$25,110;11.10%;Carlton ;862;862;1600000US2710018;2710018;$291.63;$29.13
CARVER;$40,299;$68,065;$27,766;68.90%;Carver ;3,724;3724;1600000US2710144;2710144;$18.28;$7.46
CASS LAKE;$411,951;$411,951;$0;0.00%;Cass Lake ;770;770;1600000US2710252;2710252;$535.00;$0.00
CEDAR MILLS;$5,968;$6,378;$410;6.87%;Cedar Mills ;45;45;1600000US2710468;2710468;$141.73;$9.11
CENTER CITY;$26,951;$37,283;$10,332;38.34%;Center City ;628;628;1600000US2710576;2710576;$59.37;$16.45
CENTERVILLE;$0;$53,444;$53,444;0.00%;Centerville ;3,792;3792;1600000US2710648;2710648;$14.09;$14.09
CEYLON;$127,725;$133,908;$6,183;4.84%;Ceylon ;369;369;1600000US2710792;2710792;$362.89;$16.76
CHAMPLIN;$0;$237,533;$237,533;0.00%;Champlin ;23,089;23089;1600000US2710846;2710846;$10.29;$10.29
CHANDLER;$68,662;$68,662;$0;0.00%;Chandler ;270;270;1600000US2710900;2710900;$254.30;$0.00
CHANHASSEN;$0;$0;$0;0.00%;Chanhassen ;22,952;22952;1600000US2710918;2710918;$0.00;$0.00
CHASKA;$37,441;$462,669;$425,228;1135.73%;Chaska ;23,770;23770;1600000US2710972;2710972;$19.46;$17.89
CHATFIELD;$666,960;$751,023;$84,063;12.60%;Chatfield ;2,779;2779;1600000US2711008;2711008;$270.25;$30.25
CHICKAMAW BEACH;$0;$0;$0;0.00%;Chickamaw Beach ;114;114;1600000US2711296;2711296;$0.00;$0.00
CHISAGO CITY;$0;$122,931;$122,931;0.00%;Chisago City ;4,967;4967;1600000US2711350;2711350;$24.75;$24.75
CHISHOLM;$2,711,002;$3,058,095;$347,093;12.80%;Chisholm ;4,976;4976;1600000US2711386;2711386;$614.57;$69.75
CHOKIO;$119,050;$125,027;$5,977;5.02%;Chokio ;400;400;1600000US2711440;2711440;$312.57;$14.94
CIRCLE PINES;$152,142;$314,429;$162,287;106.67%;Circle Pines ;4,918;4918;1600000US2711494;2711494;$63.93;$33.00
CLARA CITY;$358,536;$396,080;$37,544;10.47%;Clara City ;1,360;1360;1600000US2711548;2711548;$291.24;$27.61
CLAREMONT;$153,171;$158,316;$5,145;3.36%;Claremont ;548;548;1600000US2711566;2711566;$288.90;$9.39
CLARISSA;$157,119;$192,831;$35,712;22.73%;Clarissa ;681;681;1600000US2711602;2711602;$283.16;$52.44
CLARKFIELD;$344,785;$356,736;$11,951;3.47%;Clarkfield ;863;863;1600000US2711656;2711656;$413.37;$13.85
CLARKS GROVE;$165,361;$194,228;$28,867;17.46%;Clarks Grove ;706;706;1600000US2711674;2711674;$275.11;$40.89
CLEAR LAKE;$23,234;$43,155;$19,921;85.74%;Clear Lake ;545;545;1600000US2711764;2711764;$79.18;$36.55
CLEARBROOK;$146,914;$161,597;$14,683;9.99%;Clearbrook ;518;518;1600000US2711746;2711746;$311.96;$28.35
CLEARWATER;$209,623;$272,865;$63,242;30.17%;Clearwater ;1,735;1735;1600000US2711800;2711800;$157.27;$36.45
CLEMENTS;$33,903;$35,504;$1,601;4.72%;Clements ;153;153;1600000US2711836;2711836;$232.05;$10.46
CLEVELAND;$124,558;$153,989;$29,431;23.63%;Cleveland ;719;719;1600000US2711872;2711872;$214.17;$40.93
CLIMAX;$43,962;$53,856;$9,894;22.51%;Climax ;267;267;1600000US2711962;2711962;$201.71;$37.06
CLINTON;$137,750;$149,109;$11,359;8.25%;Clinton ;449;449;1600000US2711980;2711980;$332.09;$25.30
CLITHERALL;$16,870;$20,075;$3,205;19.00%;Clitherall ;112;112;1600000US2712088;2712088;$179.24;$28.62
CLONTARF;$22,120;$23,664;$1,544;6.98%;Clontarf ;164;164;1600000US2712124;2712124;$144.29;$9.41
CLOQUET;$1,968,020;$2,299,125;$331,105;16.82%;Cloquet ;12,124;12124;1600000US2712160;2712160;$189.63;$27.31
COATES;$0;$0;$0;0.00%;Coates ;161;161;1600000US2712376;2712376;$0.00;$0.00
COBDEN;$3,505;$3,505;$0;0.00%;Cobden ;36;36;1600000US2712394;2712394;$97.36;$0.00
COHASSET;$0;$0;$0;0.00%;Cohasset ;2,698;2698;1600000US2712412;2712412;$0.00;$0.00
COKATO;$435,043;$552,496;$117,453;27.00%;Cokato ;2,694;2694;1600000US2712430;2712430;$205.08;$43.60
COLD SPRING;$456,875;$590,149;$133,274;29.17%;Cold Spring ;4,025;4025;1600000US2712484;2712484;$146.62;$33.11
COLERAINE;$351,624;$390,665;$39,041;11.10%;Coleraine ;1,970;1970;1600000US2712502;2712502;$198.31;$19.82
COLOGNE;$149,495;$193,125;$43,630;29.18%;Cologne ;1,519;1519;1600000US2712664;2712664;$127.14;$28.72
COLUMBIA HEIGHTS;$895,180;$1,404,176;$508,996;56.86%;Columbia Heights ;19,496;19496;1600000US2712700;2712700;$72.02;$26.11
COLUMBUS;$0;$0;$0;0.00%;Columbus ;3,914;3914;1600000US2712718;2712718;$0.00;$0.00
COMFREY;$99,593;$105,802;$6,209;6.23%;Comfrey ;382;382;1600000US2712772;2712772;$276.97;$16.25
COMSTOCK;$16,780;$16,780;$0;0.00%;Comstock ;93;93;1600000US2712862;2712862;$180.43;$0.00
CONGER;$19,961;$24,200;$4,239;21.24%;Conger ;146;146;1600000US2712952;2712952;$165.75;$29.03
COOK;$156,578;$160,937;$4,359;2.78%;Cook ;574;574;1600000US2713006;2713006;$280.38;$7.59
COON RAPIDS;$0;$934,541;$934,541;0.00%;Coon Rapids ;61,476;61476;1600000US2713114;2713114;$15.20;$15.20
CORCORAN;$0;$7,058;$7,058;0.00%;Corcoran ;5,379;5379;1600000US2713168;2713168;$1.31;$1.31
CORRELL;$8,253;$8,280;$27;0.33%;Correll ;34;34;1600000US2713384;2713384;$243.53;$0.79
COSMOS;$128,232;$141,232;$13,000;10.14%;Cosmos ;473;473;1600000US2713420;2713420;$298.59;$27.48
COTTAGE GROVE;$0;$59,626;$59,626;0.00%;Cottage Grove ;34,589;34589;1600000US2713456;2713456;$1.72;$1.72
COTTONWOOD;$259,768;$293,140;$33,372;12.85%;Cottonwood ;1,212;1212;1600000US2713564;2713564;$241.86;$27.53
COURTLAND;$61,726;$75,819;$14,093;22.83%;Courtland ;611;611;1600000US2713582;2713582;$124.09;$23.07
CROMWELL;$24,038;$26,305;$2,267;9.43%;Cromwell ;234;234;1600000US2713780;2713780;$112.41;$9.69
CROOKSTON;$3,056,748;$3,516,134;$459,386;15.03%;Crookston ;7,891;7891;1600000US2713870;2713870;$445.59;$58.22
CROSBY;$756,240;$814,742;$58,502;7.74%;Crosby ;2,386;2386;1600000US2713924;2713924;$341.47;$24.52
CROSSLAKE;$0;$0;$0;0.00%;Crosslake ;2,141;2141;1600000US2713978;2713978;$0.00;$0.00
CRYSTAL;$1,455,066;$1,643,830;$188,764;12.97%;Crystal ;22,151;22151;1600000US2714158;2714158;$74.21;$8.52
CURRIE;$68,556;$69,999;$1,443;2.10%;Currie ;233;233;1600000US2714320;2714320;$300.42;$6.19
CUYUNA;$2,164;$7,755;$5,591;258.36%;Cuyuna ;332;332;1600000US2714428;2714428;$23.36;$16.84
CYRUS;$75,669;$81,155;$5,486;7.25%;Cyrus ;288;288;1600000US2714446;2714446;$281.79;$19.05
DAKOTA;$34,858;$41,819;$6,961;19.97%;Dakota ;323;323;1600000US2714518;2714518;$129.47;$21.55
DALTON;$47,177;$55,157;$7,980;16.92%;Dalton ;253;253;1600000US2714626;2714626;$218.01;$31.54
DANUBE;$133,480;$147,647;$14,167;10.61%;Danube ;505;505;1600000US2714716;2714716;$292.37;$28.05
DANVERS;$9,517;$9,517;$0;0.00%;Danvers ;97;97;1600000US2714734;2714734;$98.11;$0.00
DARFUR;$38,379;$38,379;$0;0.00%;Darfur ;108;108;1600000US2714770;2714770;$355.36;$0.00
DARWIN;$37,512;$46,517;$9,005;24.01%;Darwin ;350;350;1600000US2714842;2714842;$132.91;$25.73
DASSEL;$301,387;$359,724;$58,337;19.36%;Dassel ;1,469;1469;1600000US2714878;2714878;$244.88;$39.71
DAWSON;$540,099;$575,229;$35,130;6.50%;Dawson ;1,540;1540;1600000US2714968;2714968;$373.53;$22.81
DAYTON;$0;$21,623;$21,623;0.00%;Dayton ;4,671;4671;1600000US2715022;2715022;$4.63;$4.63
DEEPHAVEN;$0;$0;$0;0.00%;Deephaven ;3,642;3642;1600000US2715148;2715148;$0.00;$0.00
DEER CREEK;$57,092;$66,318;$9,226;16.16%;Deer Creek ;322;322;1600000US2715184;2715184;$205.96;$28.65
DEER RIVER;$281,538;$308,880;$27,342;9.71%;Deer River ;930;930;1600000US2715310;2715310;$332.13;$29.40
DEERWOOD;$2,495;$10,833;$8,338;334.19%;Deerwood ;532;532;1600000US2715346;2715346;$20.36;$15.67
DEGRAFF;$24,544;$24,544;$0;0.00%;De Graff ;115;115;1600000US2715418;2715418;$213.43;$0.00
DELANO;$0;$177,705;$177,705;0.00%;Delano ;5,464;5464;1600000US2715454;2715454;$32.52;$32.52
DELAVAN;$48,781;$48,781;$0;0.00%;Delavan ;179;179;1600000US2715472;2715472;$272.52;$0.00
DELHI;$15,650;$15,650;$0;0.00%;Delhi ;70;70;1600000US2715544;2715544;$223.57;$0.00
DELLWOOD;$0;$0;$0;0.00%;Dellwood ;1,063;1063;1600000US2715616;2715616;$0.00;$0.00
DENHAM;$234;$234;$0;0.00%;Denham ;35;35;1600000US2715670;2715670;$6.69;$0.00
DENNISON;$8,798;$10,617;$1,819;20.68%;Dennison ;212;212;1600000US2715706;2715706;$50.08;$8.58
DENT;$41,956;$44,787;$2,831;6.75%;Dent ;192;192;1600000US2715724;2715724;$233.27;$14.74
DETROIT LAKES;$690,536;$782,188;$91,652;13.27%;Detroit Lakes ;8,569;8569;1600000US2715832;2715832;$91.28;$10.70
DEXTER;$70,342;$72,139;$1,797;2.55%;Dexter ;341;341;1600000US2715886;2715886;$211.55;$5.27
DILWORTH;$493,847;$603,809;$109,962;22.27%;Dilworth ;4,024;4024;1600000US2715976;2715976;$150.05;$27.33
DODGE CENTER;$624,915;$682,359;$57,444;9.19%;Dodge Center ;2,670;2670;1600000US2715994;2715994;$255.57;$21.51
DONALDSON;$4,638;$4,844;$206;4.44%;Donaldson ;42;42;1600000US2716030;2716030;$115.33;$4.90
DONNELLY;$50,497;$54,194;$3,697;7.32%;Donnelly ;241;241;1600000US2716084;2716084;$224.87;$15.34
DORAN;$12,030;$13,133;$1,103;9.17%;Doran ;55;55;1600000US2716156;2716156;$238.78;$20.05
DOVER;$93,649;$129,014;$35,365;37.76%;Dover ;735;735;1600000US2716264;2716264;$175.53;$48.12
DOVRAY;$13,705;$13,705;$0;0.00%;Dovray ;57;57;1600000US2716300;2716300;$240.44;$0.00
DULUTH;$27,437,478;$29,030,643;$1,593,165;5.81%;Duluth ;86,265;86265;1600000US2717000;2717000;$336.53;$18.47
DUMONT;$19,699;$19,699;$0;0.00%;Dumont ;100;100;1600000US2717090;2717090;$196.99;$0.00
DUNDAS;$87,420;$149,684;$62,264;71.22%;Dundas ;1,367;1367;1600000US2717126;2717126;$109.50;$45.55
DUNDEE;$21,200;$21,200;$0;0.00%;Dundee ;68;68;1600000US2717144;2717144;$311.76;$0.00
DUNNELL;$61,112;$61,112;$0;0.00%;Dunnell ;167;167;1600000US2717180;2717180;$365.94;$0.00
EAGAN;$0;$0;$0;0.00%;Eagan ;64,206;64206;1600000US2717288;2717288;$0.00;$0.00
EAGLE BEND;$156,373;$172,138;$15,765;10.08%;Eagle Bend ;535;535;1600000US2717342;2717342;$321.75;$29.47
EAGLE LAKE;$510,589;$599,953;$89,364;17.50%;Eagle Lake ;2,422;2422;1600000US2717378;2717378;$247.71;$36.90
EAST BETHEL;$0;$23,470;$23,470;0.00%;East Bethel ;11,626;11626;1600000US2717486;2717486;$2.02;$2.02
EAST GRAND FORKS;$2,471,550;$2,514,148;$42,598;1.72%;East Grand Forks ;8,601;8601;1600000US2717612;2717612;$292.31;$4.95
EAST GULL LAKE;$0;$0;$0;0.00%;East Gull Lake ;1,004;1004;1600000US2717630;2717630;$0.00;$0.00
EASTON;$31,062;$33,834;$2,772;8.92%;Easton ;199;199;1600000US2717738;2717738;$170.02;$13.93
ECHO;$70,726;$73,911;$3,185;4.50%;Echo ;278;278;1600000US2717900;2717900;$265.87;$11.46
EDEN PRAIRIE;$0;$0;$0;0.00%;Eden Prairie ;60,797;60797;1600000US2718116;2718116;$0.00;$0.00
EDEN VALLEY;$228,099;$276,647;$48,548;21.28%;Eden Valley ;1,042;1042;1600000US2718134;2718134;$265.50;$46.59
EDGERTON;$293,365;$333,398;$40,033;13.65%;Edgerton ;1,189;1189;1600000US2718152;2718152;$280.40;$33.67
EDINA;$0;$0;$0;0.00%;Edina ;47,941;47941;1600000US2718188;2718188;$0.00;$0.00
EFFIE;$9,800;$13,283;$3,483;35.54%;Effie ;123;123;1600000US2718260;2718260;$107.99;$28.32
EITZEN;$32,958;$37,749;$4,791;14.54%;Eitzen ;243;243;1600000US2718368;2718368;$155.35;$19.72
ELBA;$29,764;$29,764;$0;0.00%;Elba ;152;152;1600000US2718386;2718386;$195.82;$0.00
ELBOW LAKE;$349,082;$388,699;$39,617;11.35%;Elbow Lake ;1,176;1176;1600000US2718458;2718458;$330.53;$33.69
ELGIN;$281,551;$320,525;$38,974;13.84%;Elgin ;1,089;1089;1600000US2718530;2718530;$294.33;$35.79
ELIZABETH;$29,650;$34,936;$5,286;17.83%;Elizabeth ;173;173;1600000US2718566;2718566;$201.94;$30.55
ELK RIVER;$0;$225,894;$225,894;0.00%;Elk River ;22,974;22974;1600000US2718674;2718674;$9.83;$9.83
ELKO NEW MARKET;$164,986;$206,682;$41,696;25.27%;Elko New Market ;4,110;4110;1600000US2718662;2718662;$50.29;$10.15
ELKTON;$11,799;$13,618;$1,819;15.42%;Elkton ;141;141;1600000US2718728;2718728;$96.58;$12.90
ELLENDALE;$124,811;$160,351;$35,540;28.48%;Ellendale ;691;691;1600000US2718746;2718746;$232.06;$51.43
ELLSWORTH;$161,977;$168,787;$6,810;4.20%;Ellsworth ;463;463;1600000US2718836;2718836;$364.55;$14.71
ELMDALE;$5,281;$7,948;$2,667;50.50%;Elmdale ;116;116;1600000US2718872;2718872;$68.52;$22.99
ELMORE;$216,939;$240,516;$23,577;10.87%;Elmore ;663;663;1600000US2718998;2718998;$362.77;$35.56
ELROSA;$24,938;$29,763;$4,825;19.35%;Elrosa ;211;211;1600000US2719088;2719088;$141.06;$22.87
ELY;$1,713,366;$2,050,945;$337,579;19.70%;Ely ;3,460;3460;1600000US2719142;2719142;$592.76;$97.57
ELYSIAN;$20,524;$20,524;$0;0.00%;Elysian ;652;652;1600000US2719160;2719160;$31.48;$0.00
EMILY;$0;$0;$0;0.00%;Emily ;813;813;1600000US2719286;2719286;$0.00;$0.00
EMMONS;$80,748;$93,587;$12,839;15.90%;Emmons ;391;391;1600000US2719340;2719340;$239.35;$32.84
ERHARD;$25,909;$28,668;$2,759;10.65%;Erhard ;148;148;1600000US2719556;2719556;$193.70;$18.64
ERSKINE;$95,104;$119,205;$24,101;25.34%;Erskine ;503;503;1600000US2719700;2719700;$236.99;$47.91
EVAN;$14,726;$15,198;$472;3.21%;Evan ;86;86;1600000US2719880;2719880;$176.72;$5.49
EVANSVILLE;$119,255;$146,958;$27,703;23.23%;Evansville ;612;612;1600000US2719898;2719898;$240.13;$45.27
EVELETH;$2,186,891;$2,525,767;$338,876;15.50%;Eveleth ;3,718;3718;1600000US2719934;2719934;$679.33;$91.14
EXCELSIOR;$0;$0;$0;0.00%;Excelsior ;2,188;2188;1600000US2720078;2720078;$0.00;$0.00
EYOTA;$422,699;$494,546;$71,847;17.00%;Eyota ;1,977;1977;1600000US2720114;2720114;$250.15;$36.34
FAIRFAX;$398,946;$439,942;$40,996;10.28%;Fairfax ;1,235;1235;1600000US2720222;2720222;$356.23;$33.20
FAIRMONT;$3,722,165;$3,740,909;$18,744;0.50%;Fairmont ;10,666;10666;1600000US2720330;2720330;$350.73;$1.76
FALCON HEIGHTS;$310,126;$503,707;$193,581;62.42%;Falcon Heights ;5,321;5321;1600000US2720420;2720420;$94.66;$36.38
FARIBAULT;$4,772,748;$5,290,264;$517,516;10.84%;Faribault ;23,352;23352;1600000US2720546;2720546;$226.54;$22.16
FARMINGTON;$0;$245,329;$245,329;0.00%;Farmington ;21,086;21086;1600000US2720618;2720618;$11.63;$11.63
FARWELL;$14,192;$14,192;$0;0.00%;Farwell ;51;51;1600000US2720690;2720690;$278.27;$0.00
FEDERAL DAM;$0;$0;$0;0.00%;Federal Dam ;110;110;1600000US2720798;2720798;$0.00;$0.00
FELTON;$25,659;$29,195;$3,536;13.78%;Felton ;177;177;1600000US2720834;2720834;$164.94;$19.98
FERGUS FALLS;$3,563,824;$3,622,949;$59,125;1.66%;Fergus Falls ;13,138;13138;1600000US2720906;2720906;$275.76;$4.50
FERTILE;$259,982;$288,565;$28,583;10.99%;Fertile ;842;842;1600000US2720978;2720978;$342.71;$33.95
FIFTY LAKES;$0;$0;$0;0.00%;Fifty Lakes ;387;387;1600000US2721032;2721032;$0.00;$0.00
FINLAYSON;$34,625;$42,009;$7,384;21.33%;Finlayson ;315;315;1600000US2721122;2721122;$133.36;$23.44
FISHER;$70,862;$89,869;$19,007;26.82%;Fisher ;435;435;1600000US2721158;2721158;$206.60;$43.69
FLENSBURG;$20,587;$27,322;$6,735;32.71%;Flensburg ;225;225;1600000US2721266;2721266;$121.43;$29.93
FLOODWOOD;$133,152;$151,209;$18,057;13.56%;Floodwood ;528;528;1600000US2721338;2721338;$286.38;$34.20
FLORENCE;$9,193;$9,602;$409;4.45%;Florence ;39;39;1600000US2721410;2721410;$246.21;$10.49
FOLEY;$634,131;$725,340;$91,209;14.38%;Foley ;2,603;2603;1600000US2721536;2721536;$278.66;$35.04
FORADA;$0;$0;$0;0.00%;Forada ;185;185;1600000US2721608;2721608;$0.00;$0.00
FOREST LAKE;$0;$56,004;$56,004;0.00%;Forest Lake ;18,375;18375;1600000US2721770;2721770;$3.05;$3.05
FORESTON;$68,533;$92,986;$24,453;35.68%;Foreston ;533;533;1600000US2721824;2721824;$174.46;$45.88
FORT RIPLEY;$0;$0;$0;0.00%;Fort Ripley ;69;69;1600000US2721932;2721932;$0.00;$0.00
FOSSTON;$531,772;$571,829;$40,057;7.53%;Fosston ;1,527;1527;1600000US2721986;2721986;$374.48;$26.23
FOUNTAIN;$61,595;$68,555;$6,960;11.30%;Fountain ;410;410;1600000US2722094;2722094;$167.21;$16.98
FOXHOME;$24,020;$26,225;$2,205;9.18%;Foxhome ;116;116;1600000US2722202;2722202;$226.08;$19.01
FRANKLIN;$132,445;$152,058;$19,613;14.81%;Franklin ;510;510;1600000US2722364;2722364;$298.15;$38.46
FRAZEE;$429,375;$476,535;$47,160;10.98%;Frazee ;1,350;1350;1600000US2722472;2722472;$352.99;$34.93
FREEBORN;$58,270;$69,220;$10,950;18.79%;Freeborn ;297;297;1600000US2722526;2722526;$233.06;$36.87
FREEPORT;$84,947;$108,215;$23,268;27.39%;Freeport ;632;632;1600000US2722652;2722652;$171.23;$36.82
FRIDLEY;$759,414;$1,211,026;$451,612;59.47%;Fridley ;27,208;27208;1600000US2722814;2722814;$44.51;$16.60
FROST;$49,882;$52,585;$2,703;5.42%;Frost ;198;198;1600000US2722940;2722940;$265.58;$13.65
FULDA;$402,389;$446,009;$43,620;10.84%;Fulda ;1,318;1318;1600000US2722958;2722958;$338.40;$33.10
FUNKLEY;$141;$141;$0;0.00%;Funkley ;5;5;1600000US2722976;2722976;$28.20;$0.00
GARFIELD;$35,975;$45,797;$9,822;27.30%;Garfield ;354;354;1600000US2723120;2723120;$129.37;$27.75
GARRISON;$0;$0;$0;0.00%;Garrison ;210;210;1600000US2723192;2723192;$0.00;$0.00
GARVIN;$35,795;$37,522;$1,727;4.82%;Garvin ;135;135;1600000US2723228;2723228;$277.94;$12.79
GARY;$49,407;$51,976;$2,569;5.20%;Gary ;214;214;1600000US2723246;2723246;$242.88;$12.00
GAYLORD;$768,161;$838,313;$70,152;9.13%;Gaylord ;2,305;2305;1600000US2723300;2723300;$363.69;$30.43
GEM LAKE;$0;$0;$0;0.00%;Gem Lake ;393;393;1600000US2723318;2723318;$0.00;$0.00
GENEVA;$64,937;$93,003;$28,066;43.22%;Geneva ;555;555;1600000US2723354;2723354;$167.57;$50.57
GENOLA;$547;$547;$0;0.00%;Genola ;75;75;1600000US2723444;2723444;$7.29;$0.00
GEORGETOWN;$12,022;$15,936;$3,914;32.56%;Georgetown ;129;129;1600000US2723498;2723498;$123.53;$30.34
GHENT;$78,035;$91,294;$13,259;16.99%;Ghent ;370;370;1600000US2723660;2723660;$246.74;$35.84
GIBBON;$216,241;$252,830;$36,589;16.92%;Gibbon ;772;772;1600000US2723678;2723678;$327.50;$47.40
GILBERT;$685,125;$706,175;$21,050;3.07%;Gilbert ;1,799;1799;1600000US2723714;2723714;$392.54;$11.70
GILMAN;$9,574;$17,177;$7,603;79.41%;Gilman ;224;224;1600000US2723804;2723804;$76.68;$33.94
GLENCOE;$1,063,153;$1,294,117;$230,964;21.72%;Glencoe ;5,631;5631;1600000US2723948;2723948;$229.82;$41.02
GLENVILLE;$181,068;$191,967;$10,899;6.02%;Glenville ;643;643;1600000US2724056;2724056;$298.55;$16.95
GLENWOOD;$634,282;$665,853;$31,571;4.98%;Glenwood ;2,564;2564;1600000US2724074;2724074;$259.69;$12.31
GLYNDON;$272,438;$346,893;$74,455;27.33%;Glyndon ;1,394;1394;1600000US2724182;2724182;$248.85;$53.41
GOLDEN VALLEY;$0;$219,081;$219,081;0.00%;Golden Valley ;20,371;20371;1600000US2724308;2724308;$10.75;$10.75
GONVICK;$60,511;$69,371;$8,860;14.64%;Gonvick ;282;282;1600000US2724344;2724344;$246.00;$31.42
GOOD THUNDER;$146,720;$163,763;$17,043;11.62%;Good Thunder ;583;583;1600000US2724506;2724506;$280.90;$29.23
GOODHUE;$203,727;$261,661;$57,934;28.44%;Goodhue ;1,176;1176;1600000US2724398;2724398;$222.50;$49.26
GOODRIDGE;$22,707;$27,950;$5,243;23.09%;Goodridge ;132;132;1600000US2724470;2724470;$211.74;$39.72
GOODVIEW;$138,108;$250,841;$112,733;81.63%;Goodview ;4,036;4036;1600000US2724524;2724524;$62.15;$27.93
GRACEVILLE;$186,713;$202,157;$15,444;8.27%;Graceville ;577;577;1600000US2724758;2724758;$350.36;$26.77
GRANADA;$91,663;$95,830;$4,167;4.55%;Granada ;303;303;1600000US2724884;2724884;$316.27;$13.75
GRAND MARAIS;$96,422;$96,422;$0;0.00%;Grand Marais ;1,351;1351;1600000US2724992;2724992;$71.37;$0.00
GRAND MEADOW;$266,391;$316,765;$50,374;18.91%;Grand Meadow ;1,139;1139;1600000US2725010;2725010;$278.11;$44.23
GRAND RAPIDS;$963,410;$1,270,392;$306,982;31.86%;Grand Rapids ;10,869;10869;1600000US2725118;2725118;$116.88;$28.24
GRANITE FALLS;$717,911;$908,038;$190,127;26.48%;Granite Falls ;2,897;2897;1600000US2725280;2725280;$313.44;$65.63
GRANT;$0;$0;$0;0.00%;Grant ;4,096;4096;1600000US2725334;2725334;$0.00;$0.00
GRASSTON;$15,678;$20,552;$4,874;31.09%;Grasston ;158;158;1600000US2725424;2725424;$130.08;$30.85
GREEN ISLE;$53,119;$79,969;$26,850;50.55%;Green Isle ;559;559;1600000US2725658;2725658;$143.06;$48.03
GREENBUSH;$220,770;$249,730;$28,960;13.12%;Greenbush ;719;719;1600000US2725604;2725604;$347.33;$40.28
GREENFIELD;$0;$0;$0;0.00%;Greenfield ;2,777;2777;1600000US2725622;2725622;$0.00;$0.00
GREENWALD;$27,389;$33,044;$5,655;20.65%;Greenwald ;222;222;1600000US2725874;2725874;$148.85;$25.47
GREENWOOD;$0;$0;$0;0.00%;Greenwood ;688;688;1600000US2725918;2725918;$0.00;$0.00
GREY EAGLE;$59,124;$68,981;$9,857;16.67%;Grey Eagle ;348;348;1600000US2726000;2726000;$198.22;$28.32
GROVE CITY;$156,743;$185,273;$28,530;18.20%;Grove City ;635;635;1600000US2726126;2726126;$291.77;$44.93
GRYGLA;$42,945;$48,633;$5,688;13.24%;Grygla ;221;221;1600000US2726216;2726216;$220.06;$25.74
GULLY;$17,335;$17,335;$0;0.00%;Gully ;66;66;1600000US2726270;2726270;$262.65;$0.00
HACKENSACK;$0;$0;$0;0.00%;Hackensack ;313;313;1600000US2726378;2726378;$0.00;$0.00
HADLEY;$15,455;$15,455;$0;0.00%;Hadley ;61;61;1600000US2726450;2726450;$253.36;$0.00
HALLOCK;$375,642;$390,593;$14,951;3.98%;Hallock ;981;981;1600000US2726576;2726576;$398.16;$15.24
HALMA;$10,985;$12,433;$1,448;13.18%;Halma ;61;61;1600000US2726612;2726612;$203.82;$23.74
HALSTAD;$164,085;$182,079;$17,994;10.97%;Halstad ;597;597;1600000US2726630;2726630;$304.99;$30.14
HAM LAKE;$0;$0;$0;0.00%;Ham Lake ;15,296;15296;1600000US2726738;2726738;$0.00;$0.00
HAMBURG;$58,777;$72,948;$14,171;24.11%;Hamburg ;513;513;1600000US2726666;2726666;$142.20;$27.62
HAMMOND;$42,992;$42,992;$0;0.00%;Hammond ;132;132;1600000US2726828;2726828;$325.70;$0.00
HAMPTON;$88,374;$107,525;$19,151;21.67%;Hampton ;689;689;1600000US2726864;2726864;$156.06;$27.80
HANCOCK;$231,189;$263,796;$32,607;14.10%;Hancock ;765;765;1600000US2726936;2726936;$344.83;$42.62
HANLEY FALLS;$72,453;$82,014;$9,561;13.20%;Hanley Falls ;304;304;1600000US2726972;2726972;$269.78;$31.45
HANOVER;$63,203;$100,494;$37,291;59.00%;Hanover ;2,938;2938;1600000US2726990;2726990;$34.20;$12.69
HANSKA;$111,632;$120,338;$8,706;7.80%;Hanska ;402;402;1600000US2727008;2727008;$299.35;$21.66
HARDING;$2,049;$6,409;$4,360;212.79%;Harding ;125;125;1600000US2727098;2727098;$51.27;$34.88
HARDWICK;$45,323;$45,899;$576;1.27%;Hardwick ;198;198;1600000US2727116;2727116;$231.81;$2.91
HARMONY;$320,299;$339,819;$19,520;6.09%;Harmony ;1,020;1020;1600000US2727188;2727188;$333.16;$19.14
HARRIS;$141,539;$171,047;$29,508;20.85%;Harris ;1,132;1132;1600000US2727278;2727278;$151.10;$26.07
HARTLAND;$48,121;$59,163;$11,042;22.95%;Hartland ;315;315;1600000US2727404;2727404;$187.82;$35.05
HASTINGS;$0;$510,137;$510,137;0.00%;Hastings ;22,172;22172;1600000US2727530;2727530;$23.01;$23.01
HATFIELD;$3,830;$3,830;$0;0.00%;Hatfield ;54;54;1600000US2727566;2727566;$70.93;$0.00
HAWLEY;$538,040;$600,787;$62,747;11.66%;Hawley ;2,067;2067;1600000US2727746;2727746;$290.66;$30.36
HAYFIELD;$352,569;$390,128;$37,559;10.65%;Hayfield ;1,340;1340;1600000US2727872;2727872;$291.14;$28.03
HAYWARD;$28,981;$34,774;$5,793;19.99%;Hayward ;250;250;1600000US2727944;2727944;$139.10;$23.17
HAZEL RUN;$13,871;$13,871;$0;0.00%;Hazel Run ;63;63;1600000US2728016;2728016;$220.17;$0.00
HECTOR;$294,846;$338,885;$44,039;14.94%;Hector ;1,151;1151;1600000US2728124;2728124;$294.43;$38.26
HEIDELBERG;$0;$833;$833;0.00%;Heidelberg ;122;122;1600000US2728214;2728214;$6.83;$6.83
HENDERSON;$265,687;$287,001;$21,314;8.02%;Henderson ;886;886;1600000US2728394;2728394;$323.93;$24.06
HENDRICKS;$214,826;$241,774;$26,948;12.54%;Hendricks ;713;713;1600000US2728430;2728430;$339.09;$37.80
HENDRUM;$57,667;$66,944;$9,277;16.09%;Hendrum ;307;307;1600000US2728484;2728484;$218.06;$30.22
HENNING;$251,273;$278,376;$27,103;10.79%;Henning ;802;802;1600000US2728520;2728520;$347.10;$33.79
HENRIETTE;$10,694;$11,960;$1,266;11.84%;Henriette ;71;71;1600000US2728574;2728574;$168.45;$17.83
HERMAN;$107,927;$116,635;$8,708;8.07%;Herman ;437;437;1600000US2728646;2728646;$266.90;$19.93
HERMANTOWN;$331,873;$355,571;$23,698;7.14%;Hermantown ;9,414;9414;1600000US2728682;2728682;$37.77;$2.52
HERON LAKE;$287,970;$295,049;$7,079;2.46%;Heron Lake ;698;698;1600000US2728700;2728700;$422.71;$10.14
HEWITT;$59,776;$65,974;$6,198;10.37%;Hewitt ;266;266;1600000US2728754;2728754;$248.02;$23.30
HIBBING;$7,994,316;$8,082,406;$88,090;1.10%;Hibbing ;16,361;16361;1600000US2728790;2728790;$494.00;$5.38
HILL CITY;$54,550;$91,000;$36,450;66.82%;Hill City ;633;633;1600000US2729096;2729096;$143.76;$57.58
HILLMAN;$2,746;$4,115;$1,369;49.85%;Hillman ;38;38;1600000US2729150;2729150;$108.29;$36.03
HILLS;$140,126;$176,524;$36,398;25.98%;Hills ;686;686;1600000US2729204;2729204;$257.32;$53.06
HILLTOP;$116,309;$138,622;$22,313;19.18%;Hilltop ;744;744;1600000US2729258;2729258;$186.32;$29.99
HINCKLEY;$267,164;$329,587;$62,423;23.37%;Hinckley ;1,800;1800;1600000US2729294;2729294;$183.10;$34.68
HITTERDAL;$38,852;$43,029;$4,177;10.75%;Hitterdal ;201;201;1600000US2729402;2729402;$214.07;$20.78
HOFFMAN;$139,624;$176,344;$36,720;26.30%;Hoffman ;681;681;1600000US2729474;2729474;$258.95;$53.92
HOKAH;$154,315;$167,109;$12,794;8.29%;Hokah ;580;580;1600000US2729510;2729510;$288.12;$22.06
HOLDINGFORD;$165,544;$195,217;$29,673;17.92%;Holdingford ;708;708;1600000US2729582;2729582;$275.73;$41.91
HOLLAND;$46,655;$47,705;$1,050;2.25%;Holland ;187;187;1600000US2729618;2729618;$255.11;$5.61
HOLLANDALE;$38,035;$50,317;$12,282;32.29%;Hollandale ;303;303;1600000US2729636;2729636;$166.06;$40.53
HOLLOWAY;$9,065;$9,065;$0;0.00%;Holloway ;92;92;1600000US2729672;2729672;$98.53;$0.00
HOLT;$15,629;$17,890;$2,261;14.47%;Holt ;88;88;1600000US2729870;2729870;$203.30;$25.69
HOPKINS;$0;$289,921;$289,921;0.00%;Hopkins ;17,591;17591;1600000US2730140;2730140;$16.48;$16.48
HOUSTON;$331,011;$353,618;$22,607;6.83%;Houston ;979;979;1600000US2730230;2730230;$361.20;$23.09
HOWARD LAKE;$476,814;$543,982;$67,168;14.09%;Howard Lake ;1,962;1962;1600000US2730284;2730284;$277.26;$34.23
HOYT LAKES;$360,759;$391,194;$30,435;8.44%;Hoyt Lakes ;2,017;2017;1600000US2730302;2730302;$193.95;$15.09
HUGO;$0;$0;$0;0.00%;Hugo ;13,332;13332;1600000US2730392;2730392;$0.00;$0.00
HUMBOLDT;$12,042;$12,302;$260;2.16%;Humboldt ;45;45;1600000US2730446;2730446;$273.38;$5.78
HUTCHINSON;$1,784,272;$2,213,199;$428,927;24.04%;Hutchinson ;14,178;14178;1600000US2730644;2730644;$156.10;$30.25
IHLEN;$16,654;$16,654;$0;0.00%;Ihlen ;63;63;1600000US2730806;2730806;$264.35;$0.00
INDEPENDENCE;$0;$0;$0;0.00%;Independence ;3,504;3504;1600000US2730842;2730842;$0.00;$0.00
INTERNATIONAL FALLS;$3,710,994;$3,975,561;$264,567;7.13%;International Falls ;6,424;6424;1600000US2731040;2731040;$618.86;$41.18
INVER GROVE HEIGHTS;$0;$0;$0;0.00%;Inver Grove Heights ;33,880;33880;1600000US2731076;2731076;$0.00;$0.00
IONA;$37,043;$37,234;$191;0.52%;Iona ;137;137;1600000US2731094;2731094;$271.78;$1.39
IRON JUNCTION;$12,230;$12,315;$85;0.70%;Iron Junction ;86;86;1600000US2731238;2731238;$143.20;$0.99
IRONTON;$114,741;$137,846;$23,105;20.14%;Ironton ;572;572;1600000US2731274;2731274;$240.99;$40.39
ISANTI;$313,359;$545,485;$232,126;74.08%;Isanti ;5,251;5251;1600000US2731328;2731328;$103.88;$44.21
ISLE;$25,272;$36,767;$11,495;45.49%;Isle ;751;751;1600000US2731472;2731472;$48.96;$15.31
IVANHOE;$203,179;$213,187;$10,008;4.93%;Ivanhoe ;559;559;1600000US2731526;2731526;$381.37;$17.90
JACKSON;$1,086,755;$1,291,985;$205,230;18.88%;Jackson ;3,299;3299;1600000US2731562;2731562;$391.63;$62.21
JANESVILLE;$724,872;$775,075;$50,203;6.93%;Janesville ;2,256;2256;1600000US2731706;2731706;$343.56;$22.25
JASPER;$182,806;$206,478;$23,672;12.95%;Jasper ;633;633;1600000US2731760;2731760;$326.19;$37.40
JEFFERS;$112,493;$116,128;$3,635;3.23%;Jeffers ;369;369;1600000US2731796;2731796;$314.71;$9.85
JENKINS;$0;$5,387;$5,387;0.00%;Jenkins ;430;430;1600000US2731832;2731832;$12.53;$12.53
JOHNSON;$7,000;$7,000;$0;0.00%;Johnson ;29;29;1600000US2732012;2732012;$241.38;$0.00
JORDAN;$0;$237,091;$237,091;0.00%;Jordan ;5,470;5470;1600000US2732174;2732174;$43.34;$43.34
KANDIYOHI;$97,952;$114,797;$16,845;17.20%;Kandiyohi ;491;491;1600000US2732372;2732372;$233.80;$34.31
KARLSTAD;$232,848;$260,382;$27,534;11.82%;Karlstad ;760;760;1600000US2732444;2732444;$342.61;$36.23
KASOTA;$143,296;$168,056;$24,760;17.28%;Kasota ;675;675;1600000US2732462;2732462;$248.97;$36.68
KASSON;$780,209;$982,348;$202,139;25.91%;Kasson ;5,931;5931;1600000US2732498;2732498;$165.63;$34.08
KEEWATIN;$343,738;$378,009;$34,271;9.97%;Keewatin ;1,068;1068;1600000US2732570;2732570;$353.94;$32.09
KELLIHER;$107,307;$107,307;$0;0.00%;Kelliher ;262;262;1600000US2732606;2732606;$409.57;$0.00
KELLOGG;$83,859;$93,910;$10,051;11.99%;Kellogg ;456;456;1600000US2732642;2732642;$205.94;$22.04
KENNEDY;$66,764;$66,764;$0;0.00%;Kennedy ;193;193;1600000US2732732;2732732;$345.93;$0.00
KENNETH;$10,330;$10,536;$206;1.99%;Kenneth ;68;68;1600000US2732750;2732750;$154.94;$3.03
KENSINGTON;$54,270;$60,471;$6,201;11.43%;Kensington ;292;292;1600000US2732768;2732768;$207.09;$21.24
KENT;$20,567;$21,171;$604;2.94%;Kent ;81;81;1600000US2732786;2732786;$261.37;$7.46
KENYON;$466,643;$516,686;$50,043;10.72%;Kenyon ;1,815;1815;1600000US2732840;2732840;$284.68;$27.57
KERKHOVEN;$185,283;$217,168;$31,885;17.21%;Kerkhoven ;759;759;1600000US2732876;2732876;$286.12;$42.01
KERRICK;$3,489;$5,352;$1,863;53.40%;Kerrick ;65;65;1600000US2732912;2732912;$82.34;$28.66
KETTLE RIVER;$22,510;$27,092;$4,582;20.36%;Kettle River ;180;180;1600000US2732966;2732966;$150.51;$25.46
KIESTER;$151,029;$165,486;$14,457;9.57%;Kiester ;501;501;1600000US2733056;2733056;$330.31;$28.86
KILKENNY;$35,924;$35,924;$0;0.00%;Kilkenny ;134;134;1600000US2733110;2733110;$268.09;$0.00
KIMBALL;$117,942;$146,839;$28,897;24.50%;Kimball ;762;762;1600000US2733164;2733164;$192.70;$37.92
KINBRAE;$201;$201;$0;0.00%;Kinbrae ;12;12;1600000US2733236;2733236;$16.75;$0.00
KINGSTON;$12,833;$17,977;$5,144;40.08%;Kingston ;161;161;1600000US2733344;2733344;$111.66;$31.95
KINNEY;$59,925;$59,925;$0;0.00%;Kinney ;169;169;1600000US2733416;2733416;$354.59;$0.00
LACRESCENT;$422,847;$515,089;$92,242;21.81%;La Crescent ;4,830;4830;1600000US2733866;2733866;$106.64;$19.10
LAFAYETTE;$120,676;$129,923;$9,247;7.66%;Lafayette ;504;504;1600000US2733920;2733920;$257.78;$18.35
LAKE BENTON;$198,628;$223,630;$25,002;12.59%;Lake Benton ;683;683;1600000US2734100;2734100;$327.42;$36.61
LAKE BRONSON;$71,423;$74,541;$3,118;4.37%;Lake Bronson ;229;229;1600000US2734136;2734136;$325.51;$13.62
LAKE CITY;$610,347;$751,581;$141,234;23.14%;Lake City ;5,063;5063;1600000US2734172;2734172;$148.45;$27.90
LAKE CRYSTAL;$621,727;$706,125;$84,398;13.57%;Lake Crystal ;2,549;2549;1600000US2734190;2734190;$277.02;$33.11
LAKE ELMO;$0;$0;$0;0.00%;Lake Elmo ;8,069;8069;1600000US2734244;2734244;$0.00;$0.00
LAKE HENRY;$6,578;$10,510;$3,932;59.78%;Lake Henry ;103;103;1600000US2734478;2734478;$102.04;$38.17
LAKE LILLIAN;$33,155;$39,931;$6,776;20.44%;Lake Lillian ;238;238;1600000US2734676;2734676;$167.78;$28.47
LAKE PARK;$231,084;$253,110;$22,026;9.53%;Lake Park ;783;783;1600000US2734784;2734784;$323.26;$28.13
LAKE SHORE;$0;$0;$0;0.00%;Lake Shore ;1,004;1004;1600000US2734928;2734928;$0.00;$0.00
LAKE ST CROIX BEACH;$25,673;$66,315;$40,642;158.31%;Lake St. Croix Beach ;1,051;1051;1600000US2734865;2734865;$63.10;$38.67
LAKE WILSON;$76,722;$78,109;$1,387;1.81%;Lake Wilson ;251;251;1600000US2735198;2735198;$311.19;$5.53
LAKEFIELD;$614,261;$650,488;$36,227;5.90%;Lakefield ;1,694;1694;1600000US2734316;2734316;$384.00;$21.39
LAKELAND;$33,574;$47,158;$13,584;40.46%;Lakeland ;1,796;1796;1600000US2734622;2734622;$26.26;$7.56
LAKELAND SHORES;$0;$0;$0;0.00%;Lakeland Shores ;311;311;1600000US2734658;2734658;$0.00;$0.00
LAKEVILLE;$0;$0;$0;0.00%;Lakeville ;55,954;55954;1600000US2735180;2735180;$0.00;$0.00
LAMBERTON;$287,784;$304,386;$16,602;5.77%;Lamberton ;824;824;1600000US2735288;2735288;$369.40;$20.15
LANCASTER;$75,242;$86,599;$11,357;15.09%;Lancaster ;340;340;1600000US2735378;2735378;$254.70;$33.40
LANDFALL;$79,977;$96,185;$16,208;20.27%;Landfall ;686;686;1600000US2735414;2735414;$140.21;$23.63
LANESBORO;$204,520;$210,284;$5,764;2.82%;Lanesboro ;754;754;1600000US2735450;2735450;$278.89;$7.64
LAPORTE;$10,915;$10,915;$0;0.00%;Laporte ;111;111;1600000US2735612;2735612;$98.33;$0.00
LAPRAIRIE;$66,553;$79,909;$13,356;20.07%;La Prairie ;665;665;1600000US2735648;2735648;$120.16;$20.08
LASALLE;$16,635;$17,821;$1,186;7.13%;La Salle ;87;87;1600000US2735702;2735702;$204.84;$13.63
LASTRUP;$3,428;$5,849;$2,421;70.62%;Lastrup ;104;104;1600000US2735720;2735720;$56.24;$23.28
LAUDERDALE;$516,153;$535,093;$18,940;3.67%;Lauderdale ;2,379;2379;1600000US2735738;2735738;$224.92;$7.96
LECENTER;$719,916;$785,606;$65,690;9.12%;Le Center ;2,499;2499;1600000US2736134;2736134;$314.37;$26.29
LENGBY;$21,916;$21,916;$0;0.00%;Lengby ;86;86;1600000US2736404;2736404;$254.84;$0.00
LEONARD;$4,390;$5,661;$1,271;28.95%;Leonard ;41;41;1600000US2736494;2736494;$138.07;$31.00
LEONIDAS;$34,670;$34,670;$0;0.00%;Leonidas ;52;52;1600000US2736530;2736530;$666.73;$0.00
LEROY;$296,859;$322,499;$25,640;8.64%;Le Roy ;929;929;1600000US2736620;2736620;$347.15;$27.60
LESTER PRAIRIE;$425,969;$491,618;$65,649;15.41%;Lester Prairie ;1,730;1730;1600000US2736728;2736728;$284.17;$37.95
LESUEUR;$767,922;$914,451;$146,529;19.08%;Le Sueur ;4,058;4058;1600000US2736746;2736746;$225.35;$36.11
LEWISTON;$383,755;$436,424;$52,669;13.72%;Lewiston ;1,620;1620;1600000US2736800;2736800;$269.40;$32.51
LEWISVILLE;$67,068;$71,850;$4,782;7.13%;Lewisville ;250;250;1600000US2736818;2736818;$287.40;$19.13
LEXINGTON;$335,280;$385,301;$50,021;14.92%;Lexington ;2,049;2049;1600000US2736836;2736836;$188.04;$24.41
LILYDALE;$0;$0;$0;0.00%;Lilydale ;623;623;1600000US2737016;2737016;$0.00;$0.00
LINDSTROM;$134,663;$281,204;$146,541;108.82%;Lindstrom ;4,442;4442;1600000US2737304;2737304;$63.31;$32.99
LINO LAKES;$0;$0;$0;0.00%;Lino Lakes ;20,216;20216;1600000US2737322;2737322;$0.00;$0.00
LISMORE;$65,548;$66,891;$1,343;2.05%;Lismore ;227;227;1600000US2737412;2737412;$294.67;$5.92
LITCHFIELD;$1,588,853;$1,833,620;$244,767;15.41%;Litchfield ;6,726;6726;1600000US2737448;2737448;$272.62;$36.39
LITTLE CANADA;$195,843;$344,825;$148,982;76.07%;Little Canada ;9,773;9773;1600000US2737502;2737502;$35.28;$15.24
LITTLE FALLS;$2,089,080;$2,438,918;$349,838;16.75%;Little Falls ;8,343;8343;1600000US2737556;2737556;$292.33;$41.93
LITTLEFORK;$214,814;$233,889;$19,075;8.88%;Littlefork ;647;647;1600000US2737592;2737592;$361.50;$29.48
LONG BEACH;$0;$0;$0;0.00%;Long Beach ;335;335;1600000US2737970;2737970;$0.00;$0.00
LONG LAKE;$26,410;$26,410;$0;0.00%;Long Lake ;1,768;1768;1600000US2738006;2738006;$14.94;$0.00
LONG PRAIRIE;$735,532;$918,834;$183,302;24.92%;Long Prairie ;3,458;3458;1600000US2738060;2738060;$265.71;$53.01
LONGVILLE;$0;$0;$0;0.00%;Longville ;156;156;1600000US2738114;2738114;$0.00;$0.00
LONSDALE;$245,346;$384,662;$139,316;56.78%;Lonsdale ;3,674;3674;1600000US2738150;2738150;$104.70;$37.92
LORETTO;$0;$23,053;$23,053;0.00%;Loretto ;650;650;1600000US2738222;2738222;$35.47;$35.47
LOUISBURG;$7,954;$8,231;$277;3.48%;Louisburg ;47;47;1600000US2738258;2738258;$175.13;$5.89
LOWRY;$49,088;$56,203;$7,115;14.49%;Lowry ;299;299;1600000US2738366;2738366;$187.97;$23.80
LUCAN;$49,989;$52,427;$2,438;4.88%;Lucan ;191;191;1600000US2738420;2738420;$274.49;$12.76
LUVERNE;$1,194,175;$1,349,790;$155,615;13.03%;Luverne ;4,745;4745;1600000US2738564;2738564;$284.47;$32.80
LYLE;$163,174;$179,497;$16,323;10.00%;Lyle ;551;551;1600000US2738654;2738654;$325.77;$29.62
LYND;$55,313;$70,074;$14,761;26.69%;Lynd ;448;448;1600000US2738708;2738708;$156.42;$32.95
MABEL;$223,127;$255,954;$32,827;14.71%;Mabel ;780;780;1600000US2738888;2738888;$328.15;$42.09
MADELIA;$860,375;$916,865;$56,490;6.57%;Madelia ;2,308;2308;1600000US2739230;2739230;$397.26;$24.48
MADISON;$729,097;$742,727;$13,630;1.87%;Madison ;1,551;1551;1600000US2739266;2739266;$478.87;$8.79
MADISON LAKE;$119,406;$152,988;$33,582;28.12%;Madison Lake ;1,017;1017;1600000US2739320;2739320;$150.43;$33.02
MAGNOLIA;$43,194;$46,802;$3,608;8.35%;Magnolia ;222;222;1600000US2739338;2739338;$210.82;$16.25
MAHNOMEN;$446,371;$631,386;$185,015;41.45%;Mahnomen ;1,214;1214;1600000US2739392;2739392;$520.09;$152.40
MAHTOMEDI;$0;$0;$0;0.00%;Mahtomedi ;7,676;7676;1600000US2739428;2739428;$0.00;$0.00
MANCHESTER;$14,717;$14,717;$0;0.00%;Manchester ;57;57;1600000US2739716;2739716;$258.19;$0.00
MANHATTAN BEACH;$0;$0;$0;0.00%;Manhattan Beach ;57;57;1600000US2739806;2739806;$0.00;$0.00
MANKATO;$6,228,727;$6,818,164;$589,437;9.46%;Mankato ;39,309;39309;1600000US2739878;2739878;$173.45;$14.99
MANTORVILLE;$209,003;$257,868;$48,865;23.38%;Mantorville ;1,197;1197;1600000US2739986;2739986;$215.43;$40.82
MAPLE GROVE;$0;$0;$0;0.00%;Maple Grove ;61,567;61567;1600000US2740166;2740166;$0.00;$0.00
MAPLE LAKE;$431,190;$479,341;$48,151;11.17%;Maple Lake ;2,059;2059;1600000US2740220;2740220;$232.80;$23.39
MAPLE PLAIN;$240,047;$248,537;$8,490;3.54%;Maple Plain ;1,768;1768;1600000US2740256;2740256;$140.58;$4.80
MAPLETON;$486,318;$548,860;$62,542;12.86%;Mapleton ;1,756;1756;1600000US2740310;2740310;$312.56;$35.62
MAPLEVIEW;$50,167;$51,679;$1,512;3.01%;Mapleview ;176;176;1600000US2740346;2740346;$293.63;$8.59
MAPLEWOOD;$0;$530,709;$530,709;0.00%;Maplewood ;38,018;38018;1600000US2740382;2740382;$13.96;$13.96
MARBLE;$221,504;$241,627;$20,123;9.08%;Marble ;701;701;1600000US2740418;2740418;$344.69;$28.71
MARIETTA;$50,577;$52,083;$1,506;2.98%;Marietta ;162;162;1600000US2740526;2740526;$321.50;$9.30
MARINE ON ST CROIX;$0;$0;$0;0.00%;Marine on St. Croix ;689;689;1600000US2740562;2740562;$0.00;$0.00
MARSHALL;$2,110,608;$2,451,304;$340,696;16.14%;Marshall ;13,680;13680;1600000US2740688;2740688;$179.19;$24.90
MAYER;$266,365;$290,421;$24,056;9.03%;Mayer ;1,749;1749;1600000US2741138;2741138;$166.05;$13.75
MAYNARD;$121,181;$121,270;$89;0.07%;Maynard ;366;366;1600000US2741210;2741210;$331.34;$0.24
MAZEPPA;$158,301;$193,236;$34,935;22.07%;Mazeppa ;842;842;1600000US2741282;2741282;$229.50;$41.49
MCGRATH;$7,837;$11,189;$3,352;42.77%;McGrath ;80;80;1600000US2738996;2738996;$139.86;$41.90
MCGREGOR;$89,434;$90,174;$740;0.83%;McGregor ;391;391;1600000US2739014;2739014;$230.62;$1.89
MCINTOSH;$199,366;$220,247;$20,881;10.47%;McIntosh ;625;625;1600000US2739050;2739050;$352.40;$33.41
MCKINLEY;$51,142;$51,142;$0;0.00%;McKinley ;128;128;1600000US2739140;2739140;$399.55;$0.00
MEADOWLANDS;$21,477;$23,936;$2,459;11.45%;Meadowlands ;134;134;1600000US2741372;2741372;$178.63;$18.35
MEDFORD;$161,120;$201,256;$40,136;24.91%;Medford ;1,239;1239;1600000US2741426;2741426;$162.43;$32.39
MEDICINE LAKE;$0;$0;$0;0.00%;Medicine Lake ;371;371;1600000US2741462;2741462;$0.00;$0.00
MEDINA;$0;$0;$0;0.00%;Medina ;4,892;4892;1600000US2741480;2741480;$0.00;$0.00
MEIRE GROVE;$12,123;$19,881;$7,758;63.99%;Meire Grove ;179;179;1600000US2741534;2741534;$111.07;$43.34
MELROSE;$614,850;$766,370;$151,520;24.64%;Melrose ;3,598;3598;1600000US2741570;2741570;$213.00;$42.11
MENAHGA;$281,960;$345,644;$63,684;22.59%;Menahga ;1,306;1306;1600000US2741660;2741660;$264.66;$48.76
MENDOTA;$25,000;$25,000;$0;0.00%;Mendota ;198;198;1600000US2741678;2741678;$126.26;$0.00
MENDOTA HEIGHTS;$0;$0;$0;0.00%;Mendota Heights ;11,071;11071;1600000US2741696;2741696;$0.00;$0.00
MENTOR;$32,824;$35,008;$2,184;6.65%;Mentor ;153;153;1600000US2741714;2741714;$228.81;$14.27
MIDDLE RIVER;$78,955;$85,669;$6,714;8.50%;Middle River ;303;303;1600000US2741912;2741912;$282.74;$22.16
MIESVILLE;$0;$0;$0;0.00%;Miesville ;125;125;1600000US2742092;2742092;$0.00;$0.00
MILACA;$602,629;$756,247;$153,618;25.49%;Milaca ;2,946;2946;1600000US2742110;2742110;$256.70;$52.14
MILAN;$87,281;$98,866;$11,585;13.27%;Milan ;369;369;1600000US2742146;2742146;$267.93;$31.40
MILLERVILLE;$7,791;$9,595;$1,804;23.15%;Millerville ;106;106;1600000US2742254;2742254;$90.52;$17.02
MILLVILLE;$18,803;$23,293;$4,490;23.88%;Millville ;182;182;1600000US2742290;2742290;$127.98;$24.67
MILROY;$57,009;$61,096;$4,087;7.17%;Milroy ;252;252;1600000US2742362;2742362;$242.44;$16.22
MILTONA;$34,112;$51,587;$17,475;51.23%;Miltona ;424;424;1600000US2742398;2742398;$121.67;$41.21
MINNEAPOLIS;$64,142,268;$76,066,082;$11,923,814;18.59%;Minneapolis ;382,578;382578;1600000US2743000;2743000;$198.83;$31.17
MINNEISKA;$5,781;$5,781;$0;0.00%;Minneiska ;111;111;1600000US2743036;2743036;$52.08;$0.00
MINNEOTA;$412,603;$459,018;$46,415;11.25%;Minneota ;1,392;1392;1600000US2743126;2743126;$329.75;$33.34
MINNESOTA CITY;$39,186;$39,596;$410;1.05%;Minnesota City ;204;204;1600000US2743144;2743144;$194.10;$2.01
MINNESOTA LAKE;$128,750;$159,450;$30,700;23.84%;Minnesota Lake ;687;687;1600000US2743198;2743198;$232.10;$44.69
MINNETONKA;$0;$0;$0;0.00%;Minnetonka ;49,734;49734;1600000US2743252;2743252;$0.00;$0.00
MINNETONKA BEACH;$0;$0;$0;0.00%;Minnetonka Beach ;539;539;1600000US2743270;2743270;$0.00;$0.00
MINNETRISTA;$0;$0;$0;0.00%;Minnetrista ;6,384;6384;1600000US2743306;2743306;$0.00;$0.00
MIZPAH;$6,496;$7,984;$1,488;22.91%;Mizpah ;56;56;1600000US2743540;2743540;$142.57;$26.57
MONTEVIDEO;$1,674,841;$1,978,139;$303,298;18.11%;Montevideo ;5,383;5383;1600000US2743720;2743720;$367.48;$56.34
MONTGOMERY;$628,916;$729,745;$100,829;16.03%;Montgomery ;2,956;2956;1600000US2743738;2743738;$246.87;$34.11
MONTICELLO;$0;$0;$0;0.00%;Monticello ;12,759;12759;1600000US2743774;2743774;$0.00;$0.00
MONTROSE;$489,481;$568,485;$79,004;16.14%;Montrose ;2,847;2847;1600000US2743810;2743810;$199.68;$27.75
MOORHEAD;$6,790,628;$7,078,368;$287,740;4.24%;Moorhead ;38,065;38065;1600000US2743864;2743864;$185.95;$7.56
MOOSE LAKE;$588,789;$767,080;$178,291;30.28%;Moose Lake ;2,751;2751;1600000US2743954;2743954;$278.84;$64.81
MORA;$710,562;$862,161;$151,599;21.34%;Mora ;3,571;3571;1600000US2744044;2744044;$241.43;$42.45
MORGAN;$292,157;$322,375;$30,218;10.34%;Morgan ;896;896;1600000US2744116;2744116;$359.79;$33.73
MORRIS;$2,110,244;$2,263,770;$153,526;7.28%;Morris ;5,286;5286;1600000US2744242;2744242;$428.26;$29.04
MORRISTOWN;$230,442;$276,354;$45,912;19.92%;Morristown ;987;987;1600000US2744296;2744296;$279.99;$46.52
MORTON;$131,431;$137,149;$5,718;4.35%;Morton ;411;411;1600000US2744368;2744368;$333.70;$13.91
MOTLEY;$131,075;$155,952;$24,877;18.98%;Motley ;671;671;1600000US2744422;2744422;$232.42;$37.07
MOUND;$0;$291,731;$291,731;0.00%;Mound ;9,052;9052;1600000US2744476;2744476;$32.23;$32.23
MOUNDS VIEW;$232,078;$597,024;$364,946;157.25%;Mounds View ;12,155;12155;1600000US2744530;2744530;$49.12;$30.02
MOUNTAIN IRON;$1,156,268;$1,281,590;$125,322;10.84%;Mountain Iron ;2,869;2869;1600000US2744548;2744548;$446.70;$43.68
MOUNTAIN LAKE;$807,450;$863,258;$55,808;6.91%;Mountain Lake ;2,104;2104;1600000US2744566;2744566;$410.29;$26.52
MURDOCK;$69,561;$69,561;$0;0.00%;Murdock ;278;278;1600000US2744818;2744818;$250.22;$0.00
MYRTLE;$11,424;$11,424;$0;0.00%;Myrtle ;48;48;1600000US2744890;2744890;$238.00;$0.00
NASHUA;$0;$0;$0;0.00%;Nashua ;68;68;1600000US2744944;2744944;$0.00;$0.00
NASHWAUK;$403,480;$403,480;$0;0.00%;Nashwauk ;983;983;1600000US2744980;2744980;$410.46;$0.00
NASSAU;$17,638;$17,638;$0;0.00%;Nassau ;72;72;1600000US2745016;2745016;$244.97;$0.00
NELSON;$23,990;$27,215;$3,225;13.44%;Nelson ;187;187;1600000US2745106;2745106;$145.53;$17.25
NERSTRAND;$24,733;$30,488;$5,755;23.27%;Nerstrand ;295;295;1600000US2745196;2745196;$103.35;$19.51
NEVIS;$41,623;$53,936;$12,313;29.58%;Nevis ;390;390;1600000US2745340;2745340;$138.30;$31.57
NEW AUBURN;$106,481;$121,771;$15,290;14.36%;New Auburn ;456;456;1600000US2745376;2745376;$267.04;$33.53
NEW BRIGHTON;$0;$493,136;$493,136;0.00%;New Brighton ;21,456;21456;1600000US2745430;2745430;$22.98;$22.98
NEW GERMANY;$11,743;$15,815;$4,072;34.68%;New Germany ;372;372;1600000US2745556;2745556;$42.51;$10.95
NEW HOPE;$41,843;$532,819;$490,976;1173.38%;New Hope ;20,339;20339;1600000US2745628;2745628;$26.20;$24.14
NEW LONDON;$274,860;$308,292;$33,432;12.16%;New London ;1,251;1251;1600000US2745682;2745682;$246.44;$26.72
NEW MUNICH;$69,686;$72,942;$3,256;4.67%;New Munich ;320;320;1600000US2745772;2745772;$227.94;$10.18
NEW PRAGUE;$515,478;$770,864;$255,386;49.54%;New Prague ;7,321;7321;1600000US2745808;2745808;$105.29;$34.88
NEW RICHLAND;$325,599;$377,598;$51,999;15.97%;New Richland ;1,203;1203;1600000US2745862;2745862;$313.88;$43.22
NEW TRIER;$779;$2,483;$1,704;218.74%;New Trier ;112;112;1600000US2746024;2746024;$22.17;$15.21
NEW ULM;$4,111,762;$4,222,711;$110,949;2.70%;New Ulm ;13,522;13522;1600000US2746042;2746042;$312.28;$8.21
NEW YORK MILLS;$342,150;$376,744;$34,594;10.11%;New York Mills ;1,199;1199;1600000US2746060;2746060;$314.22;$28.85
NEWFOLDEN;$75,781;$88,944;$13,163;17.37%;Newfolden ;368;368;1600000US2745520;2745520;$241.70;$35.77
NEWPORT;$588,876;$627,338;$38,462;6.53%;Newport ;3,435;3435;1600000US2745790;2745790;$182.63;$11.20
NICOLLET;$179,752;$225,089;$45,337;25.22%;Nicollet ;1,093;1093;1600000US2746150;2746150;$205.94;$41.48
NIELSVILLE;$21,942;$23,544;$1,602;7.30%;Nielsville ;90;90;1600000US2746258;2746258;$261.60;$17.80
NIMROD;$2,542;$4,937;$2,395;94.22%;Nimrod ;69;69;1600000US2746294;2746294;$71.55;$34.71
NISSWA;$0;$0;$0;0.00%;Nisswa ;1,971;1971;1600000US2746348;2746348;$0.00;$0.00
NORCROSS;$16,497;$16,497;$0;0.00%;Norcross ;70;70;1600000US2746492;2746492;$235.67;$0.00
NORTH BRANCH;$146,132;$537,850;$391,718;268.06%;North Branch ;10,125;10125;1600000US2746798;2746798;$53.12;$38.69
NORTH MANKATO;$1,358,107;$1,559,008;$200,901;14.79%;North Mankato ;13,394;13394;1600000US2747068;2747068;$116.40;$15.00
NORTH OAKS;$0;$0;$0;0.00%;North Oaks ;4,469;4469;1600000US2747104;2747104;$0.00;$0.00
NORTH ST PAUL;$1,863,726;$1,863,726;$0;0.00%;North St. Paul ;11,460;11460;1600000US2747221;2747221;$162.63;$0.00
NORTHFIELD;$2,243,397;$2,802,323;$558,926;24.91%;Northfield ;20,007;20007;1600000US2746924;2746924;$140.07;$27.94
NORTHOME;$65,984;$65,984;$0;0.00%;Northome ;200;200;1600000US2747122;2747122;$329.92;$0.00
NORTHROP;$45,444;$51,981;$6,537;14.38%;Northrop ;227;227;1600000US2747212;2747212;$228.99;$28.80
NORWOOD YOUNG AMERICA;$203,574;$345,515;$141,941;69.72%;Norwood Young America ;3,549;3549;1600000US2747520;2747520;$97.36;$39.99
NOWTHEN;$0;$11,565;$11,565;0.00%;Nowthen ;4,443;4443;1600000US2747536;2747536;$2.60;$2.60
OAK GROVE;$0;$81,555;$81,555;0.00%;Oak Grove ;8,031;8031;1600000US2747690;2747690;$10.16;$10.16
OAK PARK HEIGHTS;$0;$0;$0;0.00%;Oak Park Heights ;4,339;4339;1600000US2747914;2747914;$0.00;$0.00
OAKDALE;$0;$106,035;$106,035;0.00%;Oakdale ;27,378;27378;1600000US2747680;2747680;$3.87;$3.87
ODESSA;$37,973;$39,155;$1,182;3.11%;Odessa ;135;135;1600000US2748058;2748058;$290.04;$8.76
ODIN;$24,822;$25,566;$744;3.00%;Odin ;106;106;1600000US2748094;2748094;$241.19;$7.02
OGEMA;$26,614;$33,585;$6,971;26.19%;Ogema ;184;184;1600000US2748130;2748130;$182.53;$37.89
OGILVIE;$123,218;$123,218;$0;0.00%;Ogilvie ;369;369;1600000US2748166;2748166;$333.92;$0.00
OKABENA;$49,544;$52,256;$2,712;5.47%;Okabena ;188;188;1600000US2748184;2748184;$277.96;$14.43
OKLEE;$107,276;$122,695;$15,419;14.37%;Oklee ;435;435;1600000US2748202;2748202;$282.06;$35.45
OLIVIA;$706,366;$772,697;$66,331;9.39%;Olivia ;2,484;2484;1600000US2748256;2748256;$311.07;$26.70
ONAMIA;$239,116;$260,943;$21,827;9.13%;Onamia ;878;878;1600000US2748310;2748310;$297.20;$24.86
ORMSBY;$24,183;$26,389;$2,206;9.12%;Ormsby ;131;131;1600000US2748562;2748562;$201.44;$16.84
ORONO;$0;$0;$0;0.00%;Orono ;7,437;7437;1600000US2748580;2748580;$0.00;$0.00
ORONOCO;$28,182;$66,652;$38,470;136.51%;Oronoco ;1,300;1300;1600000US2748598;2748598;$51.27;$29.59
ORR;$41,927;$47,502;$5,575;13.30%;Orr ;267;267;1600000US2748634;2748634;$177.91;$20.88
ORTONVILLE;$703,420;$734,799;$31,379;4.46%;Ortonville ;1,916;1916;1600000US2748706;2748706;$383.51;$16.38
OSAKIS;$380,867;$434,108;$53,241;13.98%;Osakis ;1,740;1740;1600000US2748796;2748796;$249.49;$30.60
OSLO;$74,947;$82,194;$7,247;9.67%;Oslo ;330;330;1600000US2748976;2748976;$249.07;$21.96
OSSEO;$634,438;$634,438;$0;0.00%;Osseo ;2,430;2430;1600000US2749012;2749012;$261.09;$0.00
OSTRANDER;$52,825;$55,718;$2,893;5.48%;Ostrander ;254;254;1600000US2749030;2749030;$219.36;$11.39
OTSEGO;$0;$112,711;$112,711;0.00%;Otsego ;13,571;13571;1600000US2749138;2749138;$8.31;$8.31
OTTERTAIL;$0;$0;$0;0.00%;Ottertail ;572;572;1600000US2749210;2749210;$0.00;$0.00
OWATONNA;$3,153,124;$3,935,915;$782,791;24.83%;Owatonna ;25,599;25599;1600000US2749300;2749300;$153.75;$30.58
PALISADE;$14,295;$18,675;$4,380;30.64%;Palisade ;167;167;1600000US2749498;2749498;$111.83;$26.23
PARK RAPIDS;$314,126;$459,947;$145,821;46.42%;Park Rapids ;3,709;3709;1600000US2749768;2749768;$124.01;$39.32
PARKERS PRAIRIE;$225,671;$255,927;$30,256;13.41%;Parkers Prairie ;1,011;1011;1600000US2749732;2749732;$253.14;$29.93
PAYNESVILLE;$679,593;$716,095;$36,502;5.37%;Paynesville ;2,432;2432;1600000US2749966;2749966;$294.45;$15.01
PEASE;$19,424;$28,857;$9,433;48.56%;Pease ;242;242;1600000US2750056;2750056;$119.24;$38.98
PELICAN RAPIDS;$908,614;$953,191;$44,577;4.91%;Pelican Rapids ;2,464;2464;1600000US2750164;2750164;$386.85;$18.09
PEMBERTON;$25,203;$33,030;$7,827;31.06%;Pemberton ;247;247;1600000US2750200;2750200;$133.72;$31.69
PENNOCK;$109,031;$129,110;$20,079;18.42%;Pennock ;508;508;1600000US2750344;2750344;$254.15;$39.53
PEQUOT LAKES;$59,996;$72,386;$12,390;20.65%;Pequot Lakes ;2,162;2162;1600000US2750416;2750416;$33.48;$5.73
PERHAM;$459,137;$583,104;$123,967;27.00%;Perham ;2,985;2985;1600000US2750470;2750470;$195.34;$41.53
PERLEY;$22,100;$22,100;$0;0.00%;Perley ;92;92;1600000US2750506;2750506;$240.22;$0.00
PETERSON;$45,675;$45,675;$0;0.00%;Peterson ;199;199;1600000US2750596;2750596;$229.52;$0.00
PIERZ;$362,938;$409,779;$46,841;12.91%;Pierz ;1,393;1393;1600000US2750776;2750776;$294.17;$33.63
PILLAGER;$124,543;$124,651;$108;0.09%;Pillager ;469;469;1600000US2750902;2750902;$265.78;$0.23
PINE CITY;$426,553;$551,992;$125,439;29.41%;Pine City ;3,123;3123;1600000US2751064;2751064;$176.75;$40.17
PINE ISLAND;$498,960;$579,117;$80,157;16.06%;Pine Island ;3,263;3263;1600000US2751136;2751136;$177.48;$24.57
PINE RIVER;$247,854;$274,000;$26,146;10.55%;Pine River ;944;944;1600000US2751280;2751280;$290.25;$27.70
PINE SPRINGS;$0;$0;$0;0.00%;Pine Springs ;408;408;1600000US2751316;2751316;$0.00;$0.00
PIPESTONE;$1,535,857;$1,907,456;$371,599;24.19%;Pipestone ;4,317;4317;1600000US2751388;2751388;$441.85;$86.08
PLAINVIEW;$544,648;$696,835;$152,187;27.94%;Plainview ;3,340;3340;1600000US2751424;2751424;$208.63;$45.56
PLATO;$22,094;$31,643;$9,549;43.22%;Plato ;320;320;1600000US2751460;2751460;$98.88;$29.84
PLUMMER;$49,211;$56,167;$6,956;14.14%;Plummer ;292;292;1600000US2751712;2751712;$192.35;$23.82
PLYMOUTH;$0;$0;$0;0.00%;Plymouth ;70,576;70576;1600000US2751730;2751730;$0.00;$0.00
PORTER;$35,295;$35,295;$0;0.00%;Porter ;183;183;1600000US2752144;2752144;$192.87;$0.00
PRESTON;$484,980;$493,987;$9,007;1.86%;Preston ;1,325;1325;1600000US2752450;2752450;$372.82;$6.80
PRINCETON;$612,831;$813,075;$200,244;32.68%;Princeton ;4,698;4698;1600000US2752522;2752522;$173.07;$42.62
PRINSBURG;$75,659;$89,667;$14,008;18.51%;Prinsburg ;497;497;1600000US2752558;2752558;$180.42;$28.19
PRIOR LAKE;$0;$0;$0;0.00%;Prior Lake ;22,796;22796;1600000US2752594;2752594;$0.00;$0.00
PROCTOR;$955,226;$1,019,135;$63,909;6.69%;Proctor ;3,057;3057;1600000US2752630;2752630;$333.38;$20.91
QUAMBA;$15,487;$19,322;$3,835;24.76%;Quamba ;123;123;1600000US2752756;2752756;$157.09;$31.18
RACINE;$61,097;$72,805;$11,708;19.16%;Racine ;442;442;1600000US2752882;2752882;$164.72;$26.49
RAMSEY;$0;$91,381;$91,381;0.00%;Ramsey ;23,668;23668;1600000US2753026;2753026;$3.86;$3.86
RANDALL;$125,534;$162,363;$36,829;29.34%;Randall ;650;650;1600000US2753080;2753080;$249.79;$56.66
RANDOLPH;$11,015;$22,803;$11,788;107.02%;Randolph ;436;436;1600000US2753098;2753098;$52.30;$27.04
RANIER;$21,685;$45,479;$23,794;109.73%;Ranier ;145;145;1600000US2753134;2753134;$313.65;$164.10
RAYMOND;$203,926;$234,243;$30,317;14.87%;Raymond ;764;764;1600000US2753296;2753296;$306.60;$39.68
RED LAKE FALLS;$546,204;$582,709;$36,505;6.68%;Red Lake Falls ;1,427;1427;1600000US2753476;2753476;$408.35;$25.58
RED WING;$619,586;$1,619,586;$1,000,000;161.40%;Red Wing ;16,459;16459;1600000US2753620;2753620;$98.40;$60.76
REDWOOD FALLS;$1,075,270;$1,400,196;$324,926;30.22%;Redwood Falls ;5,254;5254;1600000US2753656;2753656;$266.50;$61.84
REGAL;$2,115;$2,115;$0;0.00%;Regal ;34;34;1600000US2753710;2753710;$62.21;$0.00
REMER;$56,366;$64,811;$8,445;14.98%;Remer ;370;370;1600000US2753782;2753782;$175.16;$22.82
RENVILLE;$408,605;$444,170;$35,565;8.70%;Renville ;1,287;1287;1600000US2753890;2753890;$345.12;$27.63
REVERE;$20,990;$21,441;$451;2.15%;Revere ;95;95;1600000US2753908;2753908;$225.69;$4.75
RICE;$146,674;$167,931;$21,257;14.49%;Rice ;1,275;1275;1600000US2753998;2753998;$131.71;$16.67
RICHFIELD;$1,218,346;$1,937,907;$719,561;59.06%;Richfield ;35,228;35228;1600000US2754214;2754214;$55.01;$20.43
RICHMOND;$237,322;$289,007;$51,685;21.78%;Richmond ;1,422;1422;1600000US2754268;2754268;$203.24;$36.35
RICHVILLE;$14,049;$15,480;$1,431;10.19%;Richville ;96;96;1600000US2754340;2754340;$161.25;$14.91
RIVERTON;$5,562;$6,428;$866;15.57%;Riverton ;117;117;1600000US2754736;2754736;$54.94;$7.40
ROBBINSDALE;$1,170,849;$1,619,093;$448,244;38.28%;Robbinsdale ;13,953;13953;1600000US2754808;2754808;$116.04;$32.13
ROCHESTER;$5,101,571;$6,930,376;$1,828,805;35.85%;Rochester ;106,769;106769;1600000US2754880;2754880;$64.91;$17.13
ROCK CREEK;$133,506;$208,588;$75,082;56.24%;Rock Creek ;1,628;1628;1600000US2754934;2754934;$128.13;$46.12
ROCKFORD;$309,689;$453,290;$143,601;46.37%;Rockford ;4,316;4316;1600000US2755006;2755006;$105.03;$33.27
ROCKVILLE;$105,568;$168,093;$62,525;59.23%;Rockville ;2,448;2448;1600000US2755078;2755078;$68.67;$25.54
ROGERS;$0;$97,137;$97,137;0.00%;Rogers ;8,597;8597;1600000US2755186;2755186;$11.30;$11.30
ROLLINGSTONE;$135,555;$155,260;$19,705;14.54%;Rollingstone ;664;664;1600000US2755276;2755276;$233.83;$29.68
ROOSEVELT;$18,964;$23,807;$4,843;25.54%;Roosevelt ;151;151;1600000US2755438;2755438;$157.66;$32.07
ROSCOE;$21,702;$21,702;$0;0.00%;Roscoe ;102;102;1600000US2755510;2755510;$212.76;$0.00
ROSE CREEK;$71,101;$84,232;$13,131;18.47%;Rose Creek ;394;394;1600000US2755600;2755600;$213.79;$33.33
ROSEAU;$569,076;$650,330;$81,254;14.28%;Roseau ;2,633;2633;1600000US2755546;2755546;$246.99;$30.86
ROSEMOUNT;$0;$0;$0;0.00%;Rosemount ;21,874;21874;1600000US2755726;2755726;$0.00;$0.00
ROSEVILLE;$0;$224,940;$224,940;0.00%;Roseville ;33,660;33660;1600000US2755852;2755852;$6.68;$6.68
ROTHSAY;$116,916;$129,551;$12,635;10.81%;Rothsay ;493;493;1600000US2756014;2756014;$262.78;$25.63
ROUND LAKE;$119,605;$121,131;$1,526;1.28%;Round Lake ;376;376;1600000US2756086;2756086;$322.16;$4.06
ROYALTON;$209,265;$277,375;$68,110;32.55%;Royalton ;1,242;1242;1600000US2756176;2756176;$223.33;$54.84
RUSH CITY;$620,496;$781,850;$161,354;26.00%;Rush City ;3,079;3079;1600000US2756266;2756266;$253.93;$52.40
RUSHFORD;$559,018;$584,270;$25,252;4.52%;Rushford ;1,731;1731;1600000US2756284;2756284;$337.53;$14.59
RUSHFORD VILLAGE;$43,944;$43,944;$0;0.00%;Rushford Village ;807;807;1600000US2756302;2756302;$54.45;$0.00
RUSHMORE;$101,319;$106,296;$4,977;4.91%;Rushmore ;342;342;1600000US2756338;2756338;$310.81;$14.55
RUSSELL;$81,277;$87,987;$6,710;8.26%;Russell ;338;338;1600000US2756428;2756428;$260.32;$19.85
RUTHTON;$80,121;$80,121;$0;0.00%;Ruthton ;241;241;1600000US2756482;2756482;$332.45;$0.00
RUTLEDGE;$3,257;$10,566;$7,309;224.41%;Rutledge ;229;229;1600000US2756518;2756518;$46.14;$31.92
SABIN;$73,496;$95,688;$22,192;30.19%;Sabin ;522;522;1600000US2756554;2756554;$183.31;$42.51
SARED HEART;$192,791;$204,939;$12,148;6.30%;Sacred Heart ;548;548;1600000US2756572;2756572;$373.98;$22.17
SAINT ANTHONY;$0;$442,967;$442,967;0.00%;St. Anthony  (Hennepin and Ramsey Counties);8,226;8226;1600000US2756680;2756680;$53.85;$53.85
SAINT BONIFACIUS;$294,333;$339,936;$45,603;15.49%;St. Bonifacius ;2,283;2283;1600000US2756770;2756770;$148.90;$19.98
SAINT LOUIS PARK;$0;$458,830;$458,830;0.00%;St. Louis Park ;45,250;45250;1600000US2757220;2757220;$10.14;$10.14
SANBORN;$121,650;$121,650;$0;0.00%;Sanborn ;339;339;1600000US2758306;2758306;$358.85;$0.00
SANDSTONE;$869,374;$1,038,284;$168,910;19.43%;Sandstone ;2,849;2849;1600000US2758396;2758396;$364.44;$59.29
SARGEANT;$12,070;$12,070;$0;0.00%;Sargeant ;61;61;1600000US2758576;2758576;$197.87;$0.00
SARTELL;$3,554;$110,668;$107,114;3013.90%;Sartell ;15,876;15876;1600000US2758612;2758612;$6.97;$6.75
SAUK CENTRE;$966,004;$1,099,851;$133,847;13.86%;Sauk Centre ;4,317;4317;1600000US2758648;2758648;$254.77;$31.00
SAUK RAPIDS;$1,579,706;$1,912,498;$332,792;21.07%;Sauk Rapids ;12,773;12773;1600000US2758684;2758684;$149.73;$26.05
SAVAGE;$0;$0;$0;0.00%;Savage ;26,911;26911;1600000US2758738;2758738;$0.00;$0.00
SCANDIA;$0;$0;$0;0.00%;Scandia ;3,936;3936;1600000US2758900;2758900;$0.00;$0.00
SCANLON;$175,093;$203,428;$28,335;16.18%;Scanlon ;991;991;1600000US2758936;2758936;$205.28;$28.59
SEAFORTH;$16,402;$17,391;$989;6.03%;Seaforth ;86;86;1600000US2759098;2759098;$202.22;$11.50
SEBEKA;$169,550;$209,431;$39,881;23.52%;Sebeka ;711;711;1600000US2759152;2759152;$294.56;$56.09
SEDAN;$7,025;$7,025;$0;0.00%;Sedan ;45;45;1600000US2759188;2759188;$156.11;$0.00
SHAFER;$150,254;$209,982;$59,728;39.75%;Shafer ;1,045;1045;1600000US2759314;2759314;$200.94;$57.16
SHAKOPEE;$0;$0;$0;0.00%;Shakopee ;37,076;37076;1600000US2759350;2759350;$0.00;$0.00
SHELLY;$65,258;$65,258;$0;0.00%;Shelly ;191;191;1600000US2759566;2759566;$341.66;$0.00
SHERBURN;$291,361;$346,996;$55,635;19.09%;Sherburn ;1,137;1137;1600000US2759620;2759620;$305.19;$48.93
SHEVLIN;$24,244;$30,319;$6,075;25.06%;Shevlin ;176;176;1600000US2759782;2759782;$172.27;$34.52
SHOREVIEW;$0;$0;$0;0.00%;Shoreview ;25,043;25043;1600000US2759998;2759998;$0.00;$0.00
SHOREWOOD;$0;$0;$0;0.00%;Shorewood ;7,307;7307;1600000US2760016;2760016;$0.00;$0.00
SILVER BAY;$450,020;$498,610;$48,590;10.80%;Silver Bay ;1,887;1887;1600000US2760250;2760250;$264.23;$25.75
SILVER LAKE;$168,619;$208,209;$39,590;23.48%;Silver Lake ;837;837;1600000US2760376;2760376;$248.76;$47.30
SKYLINE;$4,344;$10,982;$6,638;152.81%;Skyline ;289;289;1600000US2760754;2760754;$38.00;$22.97
SLAYTON;$762,656;$799,337;$36,681;4.81%;Slayton ;2,153;2153;1600000US2760808;2760808;$371.27;$17.04
SLEEPY EYE;$1,274,191;$1,412,211;$138,020;10.83%;Sleepy Eye ;3,599;3599;1600000US2760844;2760844;$392.39;$38.35
SOBIESKI;$11,997;$18,511;$6,514;54.30%;Sobieski ;195;195;1600000US2761006;2761006;$94.93;$33.41
SOLWAY;$4,975;$9,073;$4,098;82.37%;Solway ;96;96;1600000US2761114;2761114;$94.51;$42.69
SOUTH HAVEN;$32,626;$34,496;$1,870;5.73%;South Haven ;187;187;1600000US2761402;2761402;$184.47;$10.00
SOUTH ST PAUL;$1,663,720;$2,290,390;$626,670;37.67%;South St. Paul ;20,160;20160;1600000US2761492;2761492;$113.61;$31.08
SPICER;$45,440;$57,263;$11,823;26.02%;Spicer ;1,167;1167;1600000US2761690;2761690;$49.07;$10.13
SPRING GROVE;$367,822;$411,372;$43,550;11.84%;Spring Grove ;1,330;1330;1600000US2761852;2761852;$309.30;$32.74
SPRING HILL;$2,131;$5,192;$3,061;143.64%;Spring Hill ;85;85;1600000US2761888;2761888;$61.08;$36.01
SPRING LAKE PARK;$0;$285,196;$285,196;0.00%;Spring Lake Park ;6,412;6412;1600000US2761996;2761996;$44.48;$44.48
SPRING PARK;$0;$0;$0;0.00%;Spring Park ;1,669;1669;1600000US2762014;2762014;$0.00;$0.00
SPRING VALLEY;$797,702;$860,781;$63,079;7.91%;Spring Valley ;2,479;2479;1600000US2762104;2762104;$347.23;$25.45
SPRINGFIELD;$875,030;$911,484;$36,454;4.17%;Springfield ;2,152;2152;1600000US2761816;2761816;$423.55;$16.94
SQUAW LAKE;$9,160;$10,726;$1,566;17.10%;Squaw Lake ;107;107;1600000US2762284;2762284;$100.24;$14.64
ST ANTHONY;$7,166;$9,655;$2,489;34.73%;St. Anthony  (Stearns County);86;86;1600000US2756698;2756698;$112.27;$28.94
ST AUGUSTA;$10,963;$55,218;$44,255;403.68%;St. Augusta ;3,317;3317;1600000US2756724;2756724;$16.65;$13.34
ST CHARLES;$757,339;$860,985;$103,646;13.69%;St. Charles ;3,735;3735;1600000US2756788;2756788;$230.52;$27.75
ST CLAIR;$182,675;$231,871;$49,196;26.93%;St. Clair ;868;868;1600000US2756824;2756824;$267.13;$56.68
ST CLOUD;$10,081,386;$11,728,327;$1,646,941;16.34%;St. Cloud ;65,842;65842;1600000US2756896;2756896;$178.13;$25.01
ST FRANCIS;$80,929;$313,466;$232,537;287.33%;St. Francis ;7,218;7218;1600000US2756950;2756950;$43.43;$32.22
ST HILAIRE;$68,008;$69,996;$1,988;2.92%;St. Hilaire ;279;279;1600000US2757022;2757022;$250.88;$7.13
ST JAMES;$1,336,057;$1,568,166;$232,109;17.37%;St. James ;4,605;4605;1600000US2757040;2757040;$340.54;$50.40
ST JOSEPH;$645,151;$873,172;$228,021;35.34%;St. Joseph ;6,534;6534;1600000US2757130;2757130;$133.64;$34.90
ST LEO;$16,916;$19,623;$2,707;16.00%;St. Leo ;100;100;1600000US2757202;2757202;$196.23;$27.07
ST MARTIN;$42,909;$46,122;$3,213;7.49%;St. Martin ;308;308;1600000US2757238;2757238;$149.75;$10.43
ST MARY'S POINT;$0;$0;$0;0.00%;St. Marys Point ;368;368;1600000US2757292;2757292;$0.00;$0.00
ST MICHAEL;$0;$239,141;$239,141;0.00%;St. Michael ;16,399;16399;1600000US2757346;2757346;$14.58;$14.58
ST PAUL;$50,320,488;$60,424,253;$10,103,765;20.08%;St. Paul ;285,068;285068;1600000US2758000;2758000;$211.96;$35.44
ST PAUL PARK;$143,307;$452,209;$308,902;215.55%;St. Paul Park ;5,279;5279;1600000US2758018;2758018;$85.66;$58.52
ST PETER;$2,616,126;$2,908,508;$292,382;11.18%;St. Peter ;11,196;11196;1600000US2758036;2758036;$259.78;$26.11
ST ROSA;$0;$0;$0;0.00%;St. Rosa ;68;68;1600000US2758072;2758072;$0.00;$0.00
ST STEPHEN;$105,818;$146,647;$40,829;38.58%;St. Stephen ;851;851;1600000US2758090;2758090;$172.32;$47.98
ST VINCENT;$21,076;$21,076;$0;0.00%;St. Vincent ;64;64;1600000US2758144;2758144;$329.31;$0.00
STACY;$235,912;$281,740;$45,828;19.43%;Stacy ;1,456;1456;1600000US2762320;2762320;$193.50;$31.48
STAPLES;$957,573;$1,121,514;$163,941;17.12%;Staples ;2,981;2981;1600000US2762446;2762446;$376.22;$55.00
STARBUCK;$316,109;$350,549;$34,440;10.89%;Starbuck ;1,302;1302;1600000US2762500;2762500;$269.24;$26.45
STEEN;$33,495;$37,681;$4,186;12.50%;Steen ;180;180;1600000US2762662;2762662;$209.34;$23.26
STEPHEN;$193,225;$219,587;$26,362;13.64%;Stephen ;658;658;1600000US2762698;2762698;$333.72;$40.06
STEWART;$131,959;$153,701;$21,742;16.48%;Stewart ;571;571;1600000US2762788;2762788;$269.18;$38.08
STEWARTVILLE;$599,307;$852,619;$253,312;42.27%;Stewartville ;5,916;5916;1600000US2762806;2762806;$144.12;$42.82
STILLWATER;$174,580;$568,591;$394,011;225.69%;Stillwater ;18,225;18225;1600000US2762824;2762824;$31.20;$21.62
STOCKTON;$154,893;$175,913;$21,020;13.57%;Stockton ;697;697;1600000US2762896;2762896;$252.39;$30.16
STORDEN;$68,812;$68,812;$0;0.00%;Storden ;219;219;1600000US2763022;2763022;$314.21;$0.00
STRANDQUIST;$17,869;$18,785;$916;5.13%;Strandquist ;69;69;1600000US2763112;2763112;$272.25;$13.28
STRATHCONA;$3,915;$5,897;$1,982;50.63%;Strathcona ;44;44;1600000US2763130;2763130;$134.02;$45.05
STURGEON LAKE;$28,838;$47,794;$18,956;65.73%;Sturgeon Lake ;439;439;1600000US2763220;2763220;$108.87;$43.18
SUNBURG;$25,134;$25,365;$231;0.92%;Sunburg ;100;100;1600000US2763454;2763454;$253.65;$2.31
SUNFISH LAKE;$0;$0;$0;0.00%;Sunfish Lake ;521;521;1600000US2763544;2763544;$0.00;$0.00
SWANVILLE;$85,817;$90,258;$4,441;5.17%;Swanville ;350;350;1600000US2763778;2763778;$257.88;$12.69
TACONITE;$92,714;$92,714;$0;0.00%;Taconite ;360;360;1600000US2764048;2764048;$257.54;$0.00
TAMARACK;$15,076;$16,030;$954;6.33%;Tamarack ;94;94;1600000US2764156;2764156;$170.53;$10.15
TAOPI;$9,097;$9,682;$585;6.43%;Taopi ;58;58;1600000US2764210;2764210;$166.93;$10.09
TAUNTON;$43,070;$43,070;$0;0.00%;Taunton ;139;139;1600000US2764264;2764264;$309.86;$0.00
TAYLORS FALLS;$156,385;$170,971;$14,586;9.33%;Taylors Falls ;976;976;1600000US2764318;2764318;$175.18;$14.94
TENSTRIKE;$2,960;$6,041;$3,081;104.09%;Tenstrike ;201;201;1600000US2764444;2764444;$30.05;$15.33
THIEF RIVER FALLS;$2,418,906;$2,892,050;$473,144;19.56%;Thief River Falls ;8,573;8573;1600000US2764570;2764570;$337.34;$55.19
THOMSON;$9,022;$9,022;$0;0.00%;Thomson ;159;159;1600000US2764750;2764750;$56.74;$0.00
TINTAH;$11,846;$12,469;$623;5.26%;Tintah ;63;63;1600000US2764948;2764948;$197.92;$9.89
TONKA BAY;$0;$0;$0;0.00%;Tonka Bay ;1,475;1475;1600000US2765164;2765164;$0.00;$0.00
TOWER;$80,156;$87,686;$7,530;9.39%;Tower ;500;500;1600000US2765272;2765272;$175.37;$15.06
TRACY;$859,170;$908,239;$49,069;5.71%;Tracy ;2,163;2163;1600000US2765308;2765308;$419.90;$22.69
TRAIL;$2,350;$2,350;$0;0.00%;Trail ;46;46;1600000US2765344;2765344;$51.09;$0.00
TRIMONT;$218,148;$247,830;$29,682;13.61%;Trimont ;747;747;1600000US2765470;2765470;$331.77;$39.73
TROMMALD;$6,968;$6,968;$0;0.00%;Trommald ;98;98;1600000US2765506;2765506;$71.10;$0.00
TROSKY;$18,940;$18,940;$0;0.00%;Trosky ;86;86;1600000US2765542;2765542;$220.23;$0.00
TRUMAN;$392,748;$415,714;$22,966;5.85%;Truman ;1,115;1115;1600000US2765668;2765668;$372.84;$20.60
TURTLE RIVER;$0;$0;$0;0.00%;Turtle River ;77;77;1600000US2765794;2765794;$0.00;$0.00
TWIN LAKES;$26,141;$29,319;$3,178;12.16%;Twin Lakes ;151;151;1600000US2765920;2765920;$194.17;$21.05
TWIN VALLEY;$269,231;$299,307;$30,076;11.17%;Twin Valley ;821;821;1600000US2765938;2765938;$364.56;$36.63
TWO HARBORS;$1,107,828;$1,462,279;$354,451;32.00%;Two Harbors ;3,745;3745;1600000US2765956;2765956;$390.46;$94.65
TYLER;$387,654;$421,570;$33,916;8.75%;Tyler ;1,143;1143;1600000US2766046;2766046;$368.83;$29.67
ULEN;$138,006;$144,691;$6,685;4.84%;Ulen ;547;547;1600000US2766136;2766136;$264.52;$12.22
UNDERWOOD;$70,902;$75,203;$4,301;6.07%;Underwood ;341;341;1600000US2766172;2766172;$220.54;$12.61
UPSALA;$64,069;$77,515;$13,446;20.99%;Upsala ;427;427;1600000US2766334;2766334;$181.53;$31.49
URBANK;$6,744;$7,298;$554;8.21%;Urbank ;54;54;1600000US2766388;2766388;$135.15;$10.26
UTICA;$30,803;$37,986;$7,183;23.32%;Utica ;291;291;1600000US2766424;2766424;$130.54;$24.68
VADNAIS HEIGHTS;$0;$24,636;$24,636;0.00%;Vadnais Heights ;12,302;12302;1600000US2766460;2766460;$2.00;$2.00
VERGAS;$30,206;$33,072;$2,866;9.49%;Vergas ;331;331;1600000US2766766;2766766;$99.92;$8.66
VERMILLION;$5,649;$15,186;$9,537;168.83%;Vermillion ;419;419;1600000US2766802;2766802;$36.24;$22.76
VERNDALE;$130,357;$161,104;$30,747;23.59%;Verndale ;602;602;1600000US2766874;2766874;$267.61;$51.07
VERNON CENTER;$66,020;$67,233;$1,213;1.84%;Vernon Center ;332;332;1600000US2766910;2766910;$202.51;$3.65
VESTA;$82,326;$89,281;$6,955;8.45%;Vesta ;319;319;1600000US2766982;2766982;$279.88;$21.80
VICTORIA;$0;$0;$0;0.00%;Victoria ;7,345;7345;1600000US2767036;2767036;$0.00;$0.00
VIKING;$18,592;$21,717;$3,125;16.81%;Viking ;104;104;1600000US2767090;2767090;$208.82;$30.05
VILLARD;$36,658;$41,425;$4,767;13.00%;Villard ;254;254;1600000US2767144;2767144;$163.09;$18.77
VINING;$9,042;$9,988;$946;10.46%;Vining ;78;78;1600000US2767216;2767216;$128.05;$12.13
VIRGINIA;$4,062,905;$4,936,348;$873,443;21.50%;Virginia ;8,712;8712;1600000US2767288;2767288;$566.61;$100.26
WABASHA;$584,751;$594,419;$9,668;1.65%;Wabasha ;2,521;2521;1600000US2767378;2767378;$235.79;$3.83
WABASSO;$183,887;$210,319;$26,432;14.37%;Wabasso ;696;696;1600000US2767396;2767396;$302.18;$37.98
WACONIA;$0;$76,521;$76,521;0.00%;Waconia ;10,697;10697;1600000US2767432;2767432;$7.15;$7.15
WADENA;$1,191,075;$1,506,184;$315,109;26.46%;Wadena ;4,088;4088;1600000US2767504;2767504;$368.44;$77.08
WAHKON;$0;$0;$0;0.00%;Wahkon ;206;206;1600000US2767558;2767558;$0.00;$0.00
WAITE PARK;$0;$0;$0;0.00%;Waite Park ;6,715;6715;1600000US2767612;2767612;$0.00;$0.00
WALDORF;$41,621;$46,872;$5,251;12.62%;Waldorf ;229;229;1600000US2767756;2767756;$204.68;$22.93
WALKER;$79,001;$79,001;$0;0.00%;Walker ;941;941;1600000US2767792;2767792;$83.95;$0.00
WALNUT GROVE;$225,413;$264,717;$39,304;17.44%;Walnut Grove ;871;871;1600000US2767846;2767846;$303.92;$45.13
WALTERS;$18,983;$20,063;$1,080;5.69%;Walters ;73;73;1600000US2767900;2767900;$274.84;$14.79
WALTHAM;$33,076;$33,295;$219;0.66%;Waltham ;151;151;1600000US2767918;2767918;$220.50;$1.45
WANAMINGO;$182,565;$227,213;$44,648;24.46%;Wanamingo ;1,086;1086;1600000US2767972;2767972;$209.22;$41.11
WANDA;$22,194;$22,781;$587;2.64%;Wanda ;84;84;1600000US2768008;2768008;$271.20;$6.99
WARBA;$12,403;$13,524;$1,121;9.04%;Warba ;181;181;1600000US2768080;2768080;$74.72;$6.19
WARREN;$561,156;$603,253;$42,097;7.50%;Warren ;1,563;1563;1600000US2768170;2768170;$385.96;$26.93
WARROAD;$732,836;$882,836;$150,000;20.47%;Warroad ;1,781;1781;1600000US2768224;2768224;$495.70;$84.22
WASECA;$2,273,651;$2,631,156;$357,505;15.72%;Waseca ;9,410;9410;1600000US2768296;2768296;$279.61;$37.99
WATERTOWN;$173,368;$299,619;$126,251;72.82%;Watertown ;4,205;4205;1600000US2768548;2768548;$71.25;$30.02
WATERVILLE;$438,284;$472,254;$33,970;7.75%;Waterville ;1,868;1868;1600000US2768584;2768584;$252.81;$18.19
WATKINS;$251,433;$285,957;$34,524;13.73%;Watkins ;962;962;1600000US2768620;2768620;$297.25;$35.89
WATSON;$59,458;$62,711;$3,253;5.47%;Watson ;205;205;1600000US2768656;2768656;$305.91;$15.87
WAUBUN;$93,242;$107,487;$14,245;15.28%;Waubun ;400;400;1600000US2768674;2768674;$268.72;$35.61
WAVERLY;$82,979;$143,688;$60,709;73.16%;Waverly ;1,357;1357;1600000US2768764;2768764;$105.89;$44.74
WAYZATA;$0;$0;$0;0.00%;Wayzata ;3,688;3688;1600000US2768818;2768818;$0.00;$0.00
WELCOME;$216,934;$217,709;$775;0.36%;Welcome ;686;686;1600000US2769070;2769070;$317.36;$1.13
WELLS;$893,883;$927,217;$33,334;3.73%;Wells ;2,343;2343;1600000US2769106;2769106;$395.74;$14.23
WENDELL;$34,022;$35,761;$1,739;5.11%;Wendell ;167;167;1600000US2769142;2769142;$214.14;$10.41
WEST CONCORD;$261,011;$283,648;$22,637;8.67%;West Concord ;782;782;1600000US2769304;2769304;$362.72;$28.95
WEST ST PAUL;$773,763;$1,153,343;$379,580;49.06%;West St. Paul ;19,540;19540;1600000US2769700;2769700;$59.02;$19.43
WEST UNION;$6,713;$11,834;$5,121;76.28%;West Union ;111;111;1600000US2769736;2769736;$106.61;$46.14
WESTBROOK;$230,048;$259,732;$29,684;12.90%;Westbrook ;739;739;1600000US2769250;2769250;$351.46;$40.17
WESTPORT;$5,951;$7,368;$1,417;23.81%;Westport ;57;57;1600000US2769628;2769628;$129.26;$24.86
WHALAN;$8,001;$8,001;$0;0.00%;Whalan ;63;63;1600000US2769808;2769808;$127.00;$0.00
WHEATON;$562,909;$581,819;$18,910;3.36%;Wheaton ;1,424;1424;1600000US2769844;2769844;$408.58;$13.28
WHITE BEAR LAKE;$1,532,448;$1,532,448;$0;0.00%;White Bear Lake ;23,797;23797;1600000US2769970;2769970;$64.40;$0.00
WILDER;$16,106;$16,106;$0;0.00%;Wilder ;60;60;1600000US2770258;2770258;$268.43;$0.00
WILLERNIE;$75,922;$78,239;$2,317;3.05%;Willernie ;507;507;1600000US2770366;2770366;$154.32;$4.57
WILLIAMS;$41,672;$43,738;$2,066;4.96%;Williams ;191;191;1600000US2770402;2770402;$228.99;$10.82
WILLMAR;$4,052,790;$4,439,722;$386,932;9.55%;Willmar ;19,610;19610;1600000US2770420;2770420;$226.40;$19.73
WILLOW RIVER;$45,572;$58,703;$13,131;28.81%;Willow River ;415;415;1600000US2770492;2770492;$141.45;$31.64
WILMONT;$86,327;$92,678;$6,351;7.36%;Wilmont ;339;339;1600000US2770582;2770582;$273.39;$18.73
WILTON;$7,670;$14,127;$6,457;84.19%;Wilton ;204;204;1600000US2770708;2770708;$69.25;$31.65
WINDOM;$1,202,917;$1,418,008;$215,091;17.88%;Windom ;4,646;4646;1600000US2770798;2770798;$305.21;$46.30
WINGER;$33,075;$40,385;$7,310;22.10%;Winger ;220;220;1600000US2770870;2770870;$183.57;$33.23
WINNEBAGO;$503,310;$524,077;$20,767;4.13%;Winnebago ;1,437;1437;1600000US2770924;2770924;$364.70;$14.45
WINONA;$9,162,003;$9,699,982;$537,979;5.87%;Winona ;27,592;27592;1600000US2771032;2771032;$351.55;$19.50
WINSTED;$547,848;$628,521;$80,673;14.73%;Winsted ;2,355;2355;1600000US2771086;2771086;$266.89;$34.26
WINTHROP;$393,587;$413,498;$19,911;5.06%;Winthrop ;1,399;1399;1600000US2771122;2771122;$295.57;$14.23
WINTON;$24,869;$27,875;$3,006;12.09%;Winton ;172;172;1600000US2771140;2771140;$162.06;$17.48
WOLF LAKE;$8,042;$9,654;$1,612;20.04%;Wolf Lake ;57;57;1600000US2771338;2771338;$169.37;$28.28
WOLVERTON;$24,318;$27,029;$2,711;11.15%;Wolverton ;142;142;1600000US2771392;2771392;$190.35;$19.09
WOOD LAKE;$108,208;$119,766;$11,558;10.68%;Wood Lake ;439;439;1600000US2771446;2771446;$272.82;$26.33
WOODBURY;$0;$0;$0;0.00%;Woodbury ;61,961;61961;1600000US2771428;2771428;$0.00;$0.00
WOODLAND;$0;$0;$0;0.00%;Woodland ;437;437;1600000US2771500;2771500;$0.00;$0.00
WOODSTOCK;$32,442;$32,906;$464;1.43%;Woodstock ;124;124;1600000US2771680;2771680;$265.37;$3.74
WORTHINGTON;$2,705,107;$3,109,584;$404,477;14.95%;Worthington ;12,764;12764;1600000US2771734;2771734;$243.62;$31.69
WRENSHALL;$42,399;$49,695;$7,296;17.21%;Wrenshall ;399;399;1600000US2771788;2771788;$124.55;$18.29
WRIGHT;$7,938;$11,153;$3,215;40.50%;Wright ;127;127;1600000US2771824;2771824;$87.82;$25.31
WYKOFF;$118,215;$126,862;$8,647;7.31%;Wykoff ;444;444;1600000US2771950;2771950;$285.73;$19.48
WYOMING;$0;$170,792;$170,792;0.00%;Wyoming ;7,791;7791;1600000US2772022;2772022;$21.92;$21.92
ZEMPLE;$742;$3,552;$2,810;378.71%;Zemple ;93;93;1600000US2772184;2772184;$38.19;$30.22
ZIMMERMAN;$235,842;$445,581;$209,739;88.93%;Zimmerman ;5,228;5228;1600000US2772238;2772238;$85.23;$40.12
ZUMBRO FALLS;$34,610;$35,688;$1,078;3.11%;Zumbro Falls ;207;207;1600000US2772310;2772310;$172.41;$5.21
ZUMBROTA;$426,975;$552,674;$125,699;29.44%;Zumbrota ;3,252;3252;1600000US2772328;2772328;$169.95;$38.65
